caption,post_date,sale_date,sale_discount,is_sale_post,brand
"That first workout after shopping the Gymshark Black Friday sale >>>
ğŸ”— in bio to shop up to 70% off everything
#Gymshark",24-11-2024,N/A,70%,True,gymshark
"Go. To. The. Gym.
P.S. ğŸ”— in bio to shop up to 70% off everything
#Gymshark",24-11-2024,N/A,70%,True,gymshark
"Gym is the best way to start your day ğŸ¤
#Gymshark",26-11-2024,N/A,N/A,False,gymshark
ğŸ´uncover XXL Black Friday deals on @gymshark ğŸ´,25-11-2024,N/A,N/A,True,gymshark
"Motivation after the new gym fit arrives ğŸ“ˆğŸ“ˆğŸ“ˆ
P.S. use code â€˜Tops20â€™ to get an additional 20% off tops in our Black Friday sale ğŸ‘€
#Gymshark",26-11-2024,N/A,20%,True,gymshark
"ARE YOU NOT ENTERTAINED?!
My name is Maximus Fleximus Sharkius, commander of the sales of black friday. And I will have my savings, in this life or the next.
At my signal... click the link in bio to shop ğŸ”—
#Gymshark",23-11-2024,N/A,N/A,True,gymshark
"Life is all about perspective ğŸ‘€
P.S Less than 24 hours to go till the @gymshark Black Friday Sale 
â° Up to 70% off everything. November 21st, 4pm GMT | 11am EST",20-11-2024,21-11-2024,70%,True,gymshark
"Did you spot our fireworks show? ğŸ§¨
Get up to 70% off everything in the Gymshark Black Friday sale
ğŸ”— in bio to shop
#Gymshark",21-11-2024,N/A,70%,True,gymshark
"ğŸš¨ Gymsharkâ€™s Black Friday Sale is now LIVE!
Click the link in bio to shop up to 70% off EVERYTHING ğŸ”—
#Gymshark",21-11-2024,N/A,70%,True,gymshark
"Set your alarms... thereâ€™s less than 24 hours to go till our Black Friday sale ğŸ‘€
â° November 21st, 4pm GMT | 11am EST | 9am MST | 8pm AEDT
#Gymshark",20-11-2024,21-11-2024,N/A,True,gymshark
"Leggings all day, every day >>>
P.S. use code â€˜Leggings20â€™ to get an additional 20% off in our Black Friday sale ğŸ‘€
#Gymshark",25-11-2024,N/A,20%,True,gymshark
"Our wishlist favourites ğŸ”¥
ğŸ”— in bio to shop up to 70% off everything
#Gymshark",22-11-2024,N/A,70%,True,gymshark
"@cbumâ€™s physique in classic vs open bodybuilding ğŸ”¥
#Gymshark",18-11-2024,N/A,N/A,False,gymshark
"Donâ€™t forget to go gym today ğŸ«¡
Also donâ€™t forget about our Black Friday Sale...
â° November 21st, 4pm GMT | 11am EST | 9am MST | 8pm AEDT
#Gymshark",19-11-2024,21-11-2024,N/A,True,gymshark
"GIVEAWAY CLOSED
-
ğŸš¨ WIN THE ULTIMATE BLACK FRIDAY GIVEAWAY WORTH OVER $5000 ğŸš¨
How to enter ğŸ‘‡
1. Like this post
2. Tag a friend in the comments
3. Follow @gymshark 
4. Share this post to your story for an additional entry

Just a(nother) reason to shop the Gymshark Black Friday Sale
ğŸ—“ï¸ November 21st, 4pm GMT | 11am EST | 9am MST | 8pm AEDT
#Gymshark",18-11-2024,21-11-2024,N/A,True,gymshark
"Make progress your purpose ğŸ”¥
#Gymshark",17-11-2024,N/A,N/A,False,gymshark
"Miss a Gymshark sale? Could never be me.
Up to 70% off everything in the Gymshark Black Friday sale ğŸ”¥
ğŸ—“ï¸ November 21st, 4pm GMT | 11am EST | 9am MST | 8pm AEDT
#Gymshark",15-11-2024,21-11-2024,70%,True,gymshark
"One for the history books.
Chris Bumstead. Top 3 in his open debut.
#Gymshark",17-11-2024,N/A,N/A,False,gymshark
"Today we opened our Gymshark NYC Holiday Pop-Up ğŸ—½
Whoâ€™s coming to visit? ğŸ‘€
Donâ€™t wait too long, weâ€™ll only be around until January 2025.
ğŸ“¸: @tdm.space
#Gymshark",16-11-2024,N/A,N/A,False,gymshark
"Our Black Friday Sale is coming ğŸ‘€
Up to 70% off EVERYTHING 
ğŸ—“ï¸ November 21st, 4pm GMT | 11am EST | 9am MST | 8pm AEDT
#Gymshark",15-11-2024,21-11-2024,70%,True,gymshark
"Get up and go to the gym ğŸ«¡
#Gymshark",13-11-2024,N/A,N/A,False,gymshark
"Open ready.
#Gymshark",16-11-2024,N/A,N/A,False,gymshark
"The signs are there if you choose to see them ğŸ‘€
Get ready to shop up to 70% off everything in our Black Friday Sale
ğŸ—“ï¸ November 21st
â° 4pm GMT | 11am EST | 9am MST | 8pm AEDT 
#Gymshark",14-11-2024,21-11-2024,70%,True,gymshark
"Old school aesthetics ğŸ’ª
#Gymshark",12-11-2024,N/A,N/A,False,gymshark
"Going to the gym and it being empty ğŸ¤ŒğŸ¤ŒğŸ¤Œ
#Gymshark",08-11-2024,N/A,N/A,False,gymshark
"Built different.
#Gymshark",09-11-2024,N/A,N/A,False,gymshark
"Joggers all day, every day ğŸ«¡
ğŸ”— in bio to shop
#Gymshark",07-11-2024,N/A,N/A,False,gymshark
"Powerful.
#Gymshark",06-11-2024,N/A,N/A,False,gymshark
"Always focused ğŸ¤
#Gymshark",04-11-2024,N/A,N/A,False,gymshark
"Gym is the highlight of my day ğŸ¤
#Gymshark",11-11-2024,N/A,N/A,False,gymshark
"Todayâ€™s category is... gym selfies ğŸ“¸
#Gymshark",10-11-2024,N/A,N/A,False,gymshark
"Progress, not perfection.
#Gymshark",19-11-2024,N/A,N/A,False,gymshark
"Guess whoâ€™s coming to town ğŸ‘€
Gymshark NYC Holiday Pop-Up opens November 16th ğŸ…
ğŸ“ 105 Wooster St., NY 10012
#Gymshark",04-11-2024,N/A,N/A,False,gymshark
"Getting shredded ğŸ«¡ 
#Gymshark",05-11-2024,N/A,N/A,False,gymshark
"POV: waiting for the taxi to take us to the gym ğŸ’ª
#Gymshark",02-11-2024,N/A,N/A,False,gymshark
"Which gym persona are you for halloween? ğŸƒ
#Gymshark",31-10-2024,N/A,N/A,False,gymshark
"Pull up to the gym ğŸ«µ
ğŸ”— in bio to shop the new fits
#Gymshark",31-10-2024,N/A,N/A,False,gymshark
"Be proud of your progress ğŸ¤
#Gymshark",30-10-2024,N/A,N/A,False,gymshark
"Never miss a monday workout ğŸ’ª
#Gymshark",28-10-2024,N/A,N/A,False,gymshark
"Winter arc aesthetics ğŸ¦‡
#Gymshark",03-11-2024,N/A,N/A,False,gymshark
"Go. To. The. Gym.
#Gymshark",27-10-2024,N/A,N/A,False,gymshark
"Donâ€™t give up ğŸ«¡
#Gymshark",26-10-2024,N/A,N/A,False,gymshark
"The last dance.
@cbum to compete in open bodybuilding ğŸ‘€
#Gymshark",29-10-2024,N/A,N/A,False,gymshark
"Winter arc aesthetics ğŸ”¥
#Gymshark",25-10-2024,N/A,N/A,False,gymshark
"Gym through it ğŸ¤
#Gymshark",01-11-2024,N/A,N/A,False,gymshark
"Make today count ğŸ¤
#Gymshark",24-10-2024,N/A,N/A,False,gymshark
"Itâ€™s pump cover season.
#Gymshark",23-10-2024,N/A,N/A,False,gymshark
"Stronger every day ğŸ”¥
#Gymshark",19-10-2024,N/A,N/A,False,gymshark
"Stay dedicated, success will come ğŸ¤
#Gymshark",20-10-2024,N/A,N/A,False,gymshark
"One hell of a journey. One hell of a legacy.
ğŸ“¹: @gilcoproductions 
#Gymshark",13-10-2024,N/A,N/A,False,gymshark
"Over 1 month since Lift:NYC ğŸ’ª
Where should our next Lift event be? ğŸ‘€
#Gymshark",17-10-2024,N/A,N/A,False,gymshark
"The hardest times to show up are the most importantâ€¦ See you tomorrow.

Not born different. Built Different. @gymshark",18-10-2024,N/A,N/A,False,gymshark
"Shoulders looking 3D ğŸ˜®â€ğŸ’¨
#Gymshark",21-10-2024,N/A,N/A,False,gymshark
"Lifting in Las Vegas with our community ğŸ’ª
Who spotted our Dropset truck this weekend? ğŸ‘€
#Gymshark",15-10-2024,N/A,N/A,False,gymshark
"Make today count.
#Gymshark",16-10-2024,N/A,N/A,False,gymshark
"The one youâ€™ve been waiting for... our new jersey is here ğŸ¤© 
Download the Gymshark app now to shop the jersey 48 hours early.
ğŸ”— in bio
#Gymshark",21-10-2024,N/A,N/A,False,gymshark
"The Gymshark Diffuse Sweat Headband is coming back ğŸ’ª

45% of Black women admit to avoiding exercise to keep their hairstyles intact. We want to help.

Weâ€™re re-launching our headband in both single and double-layer options in Black, Base Green and Fetch Pink. 

Designed with the Black community and all hair types in mind, our headband supports you through all your training. So youâ€™ve got one less thing to think about and only your workout to focus on.

Dropping in selected regions on October 23rd. Coming to the US very soon ğŸ‘€

#Gymshark",16-10-2024,N/A,N/A,False,gymshark
"Gymshark Championâ€™s Edition.
#Gymshark",14-10-2024,N/A,N/A,False,gymshark
"Champion mentality.
#Gymshark",22-10-2024,N/A,N/A,False,gymshark
"Rep your favourite athletes with these bootleg tees ğŸ’ª 
ğŸ”— in bio to shop via The Dropset
*styles may vary per region
#Gymshark",09-10-2024,N/A,N/A,False,gymshark
"Late night winter gym sessions >>>
#Gymshark",08-10-2024,N/A,N/A,False,gymshark
"Powerful.
#Gymshark",08-10-2024,N/A,N/A,False,gymshark
"Getting that order confirmation email >>>
ğŸ”— in bio to shop new releases
*styles may vary per region
#Gymshark",10-10-2024,N/A,N/A,False,gymshark
"The definition of perseverance.
Ryan Terry. 2x Menâ€™s Physique Champion.
ğŸ“¸: @brandonseye 
#Gymshark",13-10-2024,N/A,N/A,False,gymshark
"Blue set kinda day ğŸ˜®â€ğŸ’¨
#Gymshark",10-10-2024,N/A,N/A,False,gymshark
"8 plate double deadlift ğŸ”¥
#Gymshark",07-10-2024,N/A,N/A,False,gymshark
"Last chance for up to 50% off 
ğŸ”— in bio
*Selected styles only
#Gymshark",06-10-2024,N/A,50%,True,gymshark
"Those mid-set selfies hit different ğŸ’ª
#Gymshark",05-10-2024,N/A,N/A,False,gymshark
"Not wearing black gym wear is kinda hard to do ğŸ˜¬
#Gymshark",04-10-2024,N/A,N/A,False,gymshark
"The evolution of @cbum & @ryanjterry ğŸ†
#Gymshark",13-10-2024,N/A,N/A,False,gymshark
"Never in doubt.
Chris Bumstead. 6x Classic Physique Champion.
ğŸ“¸: @brandonseye 
#Gymshark",13-10-2024,N/A,N/A,False,gymshark
"You know we had to.
Limited edition GYMTHARK tees available now. @gymshark",03-10-2024,N/A,N/A,False,gymshark
"The winter arc starts today.
#Gymshark",01-10-2024,N/A,N/A,False,gymshark
"Lock in ğŸ’ª
ğŸ”— in bio to shop up to 50% off 
*Selected styles only
#Gymshark",28-09-2024,N/A,50%,True,gymshark
"POV: itâ€™s leg day ğŸ”¥
#Gymshark",29-09-2024,N/A,N/A,False,gymshark
"Built different.
#Gymshark",27-09-2024,N/A,N/A,False,gymshark
"@elenachristine_s ğŸ¤ abs check
#Gymshark",30-09-2024,N/A,N/A,False,gymshark
"Itâ€™s a great day to workout ğŸ‘€
#Gymshark",26-09-2024,N/A,N/A,False,gymshark
"24 hours until up to 50% off sale â° 
*Selected lines only
#Gymshark",25-09-2024,N/A,50%,True,gymshark
"Up to 50% off ğŸ”— in bio
*Selected lines only
#Gymshark",26-09-2024,N/A,50%,True,gymshark
"Gymshark x @carlosbelcast Signature Series & Hispanic Heritage Month graphic are now live ğŸ’ª
ğŸ”— in bio to shop via The Dropset
#Gymshark",24-09-2024,N/A,N/A,False,gymshark
"Working out consistently = happiness ğŸ«¡
#Gymshark",02-10-2024,N/A,N/A,False,gymshark
"Celebrando a nuestra comunidad hispana ğŸŒ
~
Celebrating our Hispanic community ğŸŒ
#Gymshark",24-09-2024,N/A,N/A,False,gymshark
"@jamalbrowner ğŸ¤ heaviest ever deadlift at a Gymshark Lift event
ğŸ†: 1053lbs (477.5kg)
#Gymshark",18-09-2024,N/A,N/A,False,gymshark
"Gymshark x @steelwarriors.

Weâ€™re partnering with Steel Warriors, an anti-knife crime charity who are on a mission to take knives off the street, melt them down and turn the steel into outdoor gyms.

Our shared goal is to transform young peopleâ€™s lives by giving them more access to fitness and helping to reduce the endemic of knife crime in the UK.

Put Down, Pull Up, Show Up.

#Gymshark",18-09-2024,N/A,N/A,False,gymshark
"Iconic trio ğŸ’ª
#Gymshark",23-09-2024,N/A,N/A,False,gymshark
"POV: you met your favourite athlete ğŸ’™
#Gymshark",16-09-2024,N/A,N/A,False,gymshark
"The energy at Lift: NYC ğŸ˜®â€ğŸ’¨
We Do Gym.
#Gymshark",15-09-2024,N/A,N/A,False,gymshark
"@jessejameswest got done dirty at the end ğŸ˜­
#Gymshark",20-09-2024,N/A,N/A,False,gymshark
"Daily routine: eat, train, gym selfie ğŸ’ª
#Gymshark",19-09-2024,N/A,N/A,False,gymshark
"This is Lift: NYC.
#Gymshark",14-09-2024,N/A,N/A,False,gymshark
"LETâ€™S GO GYM ğŸ˜¤
#Gymshark",22-09-2024,N/A,N/A,False,gymshark
"Youâ€™ll find us in the gym ğŸ«¡
#Gymshark",21-09-2024,N/A,N/A,False,gymshark
"You donâ€™t need an invite to show up ğŸ«¡
#Gymshark",11-10-2024,N/A,N/A,False,gymshark
"The shot vs the process ğŸ”¥
#Gymshark",17-09-2024,N/A,N/A,False,gymshark
"Put in the work.
#Gymshark",08-09-2024,N/A,N/A,False,gymshark
"@gymshark x BELCAST signature series!!

Padrinos estoy muy emocionado de compartir este gran momento con ustedes. Esta colecciÃ³n representa mi vibra, mi estilo, mi historia y mis sueÃ±os desde MÃ©xico para el mundo. MÃ¡s que un simple producto, esta colaboraciÃ³n es un logro personal en mi vida que estoy muy emocionado de compartir con todos.

Esto no sucediÃ³ de la noche a la maÃ±ana. DetrÃ¡s de la serie, ha habido sacrificio, noches de insomnio, desafÃ­os, entrenamiento intenso, trabajo duro y el estilo de vida que tanto me esfuerzo por lograr. Espero que sientan eso con estos productos y creo que con un trabajo duro y genuino, los sueÃ±os pueden hacerse realidad.
Estoy emocionado de presentar mi serie Gymshark Signature. Espero que te guste tanto como a mÃ­.

Si estÃ¡s en este LIFT NY puedes conseguir mis signature series exclusivamente aquÃ­ y en 2 semanas pueden conseguirlo en el dropset de Gymshark padrinos!!",14-09-2024,N/A,N/A,False,gymshark
"Aesthetics ğŸ”¥
#Gymshark",06-09-2024,N/A,N/A,False,gymshark
"Training alone is therapeutic ğŸ§ 
#Gymshark",05-09-2024,N/A,N/A,False,gymshark
"Bros got a good physique he should consider competingâ€¦
#Gymshark",11-09-2024,N/A,N/A,False,gymshark
"Strength comes from the struggle ğŸ’ª
ğŸ”— in bio to shop new releases
#Gymshark",05-09-2024,N/A,N/A,False,gymshark
"Gymshark? Nah, Gymthark.
#Gymshark",10-09-2024,N/A,N/A,False,gymshark
"Me ğŸ¤ lifting weights
#Gymshark",12-09-2024,N/A,N/A,False,gymshark
"In the zone.
#Gymshark",04-09-2024,N/A,N/A,False,gymshark
"Athletes assemble ğŸ’ª
Lift: NYC, weâ€™ll see you tomorrow.
#Gymshark",13-09-2024,N/A,N/A,False,gymshark
"Daddyâ€™s home.
#Gymshark",10-09-2024,N/A,N/A,False,gymshark
"Stronger every day ğŸ”¥
#Gymshark",30-08-2024,N/A,N/A,False,gymshark
"Strength comes from struggle.
#Gymshark",01-09-2024,N/A,N/A,False,gymshark
"Embrace your potential ğŸ«¡
#Gymshark",03-09-2024,N/A,N/A,False,gymshark
"Gymshark Dubai store. Coming in strong ğŸ’ª
#Gymshark",02-09-2024,N/A,N/A,False,gymshark
"Lifting squad ğŸ”¥
#Gymshark",29-08-2024,N/A,N/A,False,gymshark
"The gym always puts you in a good mood ğŸ¤
#Gymshark",24-08-2024,N/A,N/A,False,gymshark
"Bros who lift together >>>
#Gymshark",02-09-2024,N/A,N/A,False,gymshark
"Which Gymshark athlete has the strongest grip? ğŸ’ª
#Gymshark",26-08-2024,N/A,N/A,False,gymshark
"Eat. Your. Protein.
#Gymshark",25-08-2024,N/A,N/A,False,gymshark
"Itâ€™s a great day to go to the gym ğŸ‘€
#Gymshark",28-08-2024,N/A,N/A,False,gymshark
"New York: Lifted ğŸ’ª
#Gymshark",15-09-2024,N/A,N/A,False,gymshark
"Iâ€™m back. Part owner, All athlete. @gymshark",09-09-2024,N/A,N/A,False,gymshark
"2 weeks to go until Lift: NYC ğŸ”¥
Whoâ€™s excited? ğŸ‘€
#Gymshark",31-08-2024,N/A,N/A,False,gymshark
"Legacy ğŸ’ª
#Gymshark",27-08-2024,N/A,N/A,False,gymshark
"Back gains ğŸ”›ğŸ”
#Gymshark",21-08-2024,N/A,N/A,False,gymshark
"Powerful.
#Gymshark",22-08-2024,N/A,N/A,False,gymshark
"Iâ€™ll be like â€œahh Iâ€™ve got so much to doâ€ and then go gym ğŸ‘€
P.S. shop via link in bio ğŸ”—
#Gymshark",23-08-2024,N/A,N/A,False,gymshark
"The @whitneyysimmons x Adapt collection just dropped ğŸ”¥
ğŸ”— in bio
#Gymshark",15-08-2024,N/A,N/A,False,gymshark
"The new Adapt releases ğŸ”¥
ğŸ”— in bio to shop
#Gymshark",16-08-2024,N/A,N/A,False,gymshark
"Powerful trio ğŸ”¥
#Gymshark",14-08-2024,N/A,N/A,False,gymshark
"You never regret going to the gym ğŸ«¡
ğŸ”— in bio to shop the new Gymshark x Adapt collection
#Gymshark",19-08-2024,N/A,N/A,False,gymshark
"Styling @gymshark in a fly way, grateful to have the opportunity to work on an edit with Gymshark and implementing both of our styles. 

We designed an exclusive tee with reference to both our Jamaican and Nigerian heritage which means a lot to the both of us! ğŸ‡¯ğŸ‡²ğŸ‡³ğŸ‡¬
And with carnival fast approaching we thought why not get you guys carnival ready!!

The beauty when two cultures unite.  Love Dami & Indiyah â™¥ï¸ğŸ’¥",20-08-2024,N/A,N/A,False,gymshark
"Keep. Doing. You.
#Gymshark",18-08-2024,N/A,N/A,False,gymshark
"That new gym fit feeling ğŸ˜®â€ğŸ’¨
ğŸ”— in bio to shop the new Whitney x Adapt collection
#Gymshark",17-08-2024,N/A,N/A,False,gymshark
"The Adapt archives ğŸ’™
Newness dropping August 15th ğŸ‘€
4pm BST | 8am PDT | 11am EDT
#Gymshark",13-08-2024,N/A,N/A,False,gymshark
"Get the lifting look. 
ğŸ”— in bio to shop new releases
#Gymshark",01-08-2024,N/A,N/A,False,gymshark
"That first workout in your new gym fit ğŸ˜®â€ğŸ’¨
ğŸ”— in bio to shop new Lifting releases
#Gymshark",02-08-2024,N/A,N/A,False,gymshark
"The best workouts are the ones you almost skipped ğŸ¤
#Gymshark",04-08-2024,N/A,N/A,False,gymshark
"Remember why you started ğŸ§ 
#Gymshark",11-08-2024,N/A,N/A,False,gymshark
"Embrace your potential ğŸ«¡
#Gymshark",09-08-2024,N/A,N/A,False,gymshark
"@davidlaid approves ğŸ¤
#Gymshark",07-08-2024,N/A,N/A,False,gymshark
"New gym fits ğŸ¤  workout motivation 
ğŸ”— in bio to shop new releases
#Gymshark",03-08-2024,N/A,N/A,False,gymshark
"Leg cramps will have you rethinking everything ğŸ˜…
#Gymshark",12-08-2024,N/A,N/A,False,gymshark
"We love wholesome gym content ğŸ’™
#Gymshark",08-08-2024,N/A,N/A,False,gymshark
"My next chapter with Gymsharkâ€¦. CREATIVE DIRECTOR ğŸ—’ï¸ğŸ’¬ğŸ“±ğŸ«§ğŸ’­

Iâ€™m beyond honored and excited to announceâ€¦ Iâ€™m stepping into a new role at Gymshark. The Creative Director of future Adapt Collections â€¼ï¸â¤ï¸â€ğŸ”¥

I found such a deep love and passion while working with the brilliant design and creative teams to bring 5 of my very own collections with Gymshark to life.

As I step into this new role, I now have the insane opportunity as Creative Director to be able to design, influence and guide the new Adapt collections. Collections that have always been my very favorite and given me the confidence to feel my best in and outside of the gym.

I canâ€™t wait to show yâ€™all what weâ€™ve got in the works... ğŸ‘€ Keep your eyes on our socials ğŸ«¶ #Gymshark",05-08-2024,N/A,N/A,False,gymshark
"Everyone who likes this will make gains this month ğŸ’ª
#Gymshark",06-08-2024,N/A,N/A,False,gymshark
"Gym makes me happy ğŸ«¶
#Gymshark",10-08-2024,N/A,N/A,False,gymshark
"Itâ€™s down to you to make it happen.
#Gymshark",21-07-2024,N/A,N/A,False,gymshark
"If youâ€™re reading this, you should go to the gym ğŸ‘€
#Gymshark",29-07-2024,N/A,N/A,False,gymshark
"Pull up to the gym ğŸ«µ
#Gymshark",28-07-2024,N/A,N/A,False,gymshark
"We HEARD youâ€¦ the Analis Cruz signature series collection is now LIVE ğŸ’™

Grab it while itâ€™s here, you donâ€™t want to miss it ğŸ‘€

Comment below what you ordered ğŸ’ª",23-07-2024,N/A,N/A,False,gymshark
"Gym is life ğŸ¤
#Gymshark",22-07-2024,N/A,N/A,False,gymshark
"Next stop, Lift: NYC ğŸ’ª 
ğŸ”— in bio to get your free ticket
#gymshark",30-07-2024,N/A,N/A,False,gymshark
"Big lifts went down at our London Lifting Club 2.0 ğŸ’ª
Keep your eyes peeled for our next one ğŸ‘€
#Gymshark",13-08-2024,N/A,N/A,False,gymshark
"Itâ€™s gym time ğŸ‘€
#Gymshark",25-07-2024,N/A,N/A,False,gymshark
"Start spreading the news. Weâ€™re lifting New York ğŸ—½
Lift: NYC is coming September 14th & 15th ğŸ’ª
ğŸŸ Free tickets available July 30th
#Gymshark",26-07-2024,N/A,N/A,False,gymshark
"Red flags? Nah, red fits ğŸ”¥
#Gymshark",27-07-2024,N/A,N/A,False,gymshark
"428kg (943lbs) dual deadlift ğŸ”¥
#Gymshark",24-07-2024,N/A,N/A,False,gymshark
"When youâ€™re starting to feel it mid leg day so you gotta lock in ğŸ”’
#Gymshark",31-07-2024,N/A,N/A,False,gymshark
"Somethingâ€™s coming ğŸ‘€
Solve the rest of the crossword for a hint...
#Gymshark",24-07-2024,N/A,N/A,False,gymshark
"Introducing our brand new store, Gymshark Stratford ğŸ‡¬ğŸ‡§
Mark your calendars! Weâ€™ll be opening the doors this Saturday 13th July, 10AM BST. 
Let us know if weâ€™ll see you there ğŸ‘‡
#Gymshark",11-07-2024,N/A,N/A,False,gymshark
"Looking fire in the newness ğŸ”¥
ğŸ”— in bio to shop new releases
#Gymshark",12-07-2024,N/A,N/A,False,gymshark
"Youâ€™d better be in the gym this weekend ğŸ¤¨
#Gymshark",20-07-2024,N/A,N/A,False,gymshark
"Gymshark x @placesplusfaces is now live via The Dropset ğŸ”¥
ğŸ”— in bio to shop
#Gymshark",10-07-2024,N/A,N/A,False,gymshark
"Feeling powerful ğŸ”¥
#Gymshark",16-07-2024,N/A,N/A,False,gymshark
"Itâ€™s never too late to start ğŸ“ˆ
#Gymshark",10-07-2024,N/A,N/A,False,gymshark
"Lifting squad ğŸ’ª
#Gymshark",14-07-2024,N/A,N/A,False,gymshark
"Going to the gym to lift my mood for the rest of the day >>>
#Gymshark",18-07-2024,N/A,N/A,False,gymshark
"Surround yourself with like-minded people ğŸ§ 
#Gymshark",15-07-2024,N/A,N/A,False,gymshark
"Shoutout to all gym bros, youâ€™re the real ones ğŸ¤
#Gymshark",19-07-2024,N/A,N/A,False,gymshark
"In the zone.
#Gymshark",17-07-2024,N/A,N/A,False,gymshark
"Itâ€™s a red kinda day ğŸ”¥
#Gymshark",13-07-2024,N/A,N/A,False,gymshark
"You never regret going to the gym ğŸ’ª
#Gymshark",08-07-2024,N/A,N/A,False,gymshark
"@swolericketts looking powerful ğŸ’ª
â° Less than 24 hours to go until the end of the Gymshark Sale
Shop up to 60% off + use â€˜EXTRA-25â€™ for an additional 25% on top - ğŸ”— in bio
#Gymshark",07-07-2024,N/A,60%,True,gymshark
"The only place Iâ€™m a regular is at the gym. 

The Gymshark Sale is still live and just got even better with more discounts added! Entire site is up to 60% off!! Make sure to run and grab everything you want before it ends ğŸ«¶ğŸ¼",03-07-2024,N/A,60%,True,gymshark
"Bro thinks heâ€™s @davidlaidâ€¦
#Gymshark",06-07-2024,N/A,N/A,False,gymshark
"Matching gym fits >>>
Shop up to 60% off + use â€˜EXTRA-25â€™ for additional discount - ğŸ”— in bio
#Gymshark",06-07-2024,N/A,60%,True,gymshark
"confidence isnâ€™t just a look, itâ€™s a feelingâœ¨

wearing @gymshark makes me to feel like the strongest, most confident version of myself every time i step into the gym! you can still shop the gymshark summer sale up to 60% off the entire website! ğŸŒğŸ¤

#fitness #gym #workout #fitnessmotivation  #healthylifestyle #gymlife #gymmotivation #muscle #fitnessmodel #exercise #girlswholift #fitnessinfluencer #instagramreels #explorepage #gymgirl #fitnessinspo #gymcrush #gymhoumor #gymrat #gymaesthetic #gymgirls #gymrelatable #gymfail #strongwomen #gymshark",05-07-2024,N/A,60%,True,gymshark
"Dad strength is double XP ğŸ”‹ğŸ’ª 

Plus the @gymshark sale is still going strong with up to 60% off and more discounts have just been added #Gymshark ğŸ¦ˆ",04-07-2024,N/A,60%,True,gymshark
"Not wearing black gym wear is kinda hard to do ğŸ˜¬
#Gymshark",09-07-2024,N/A,N/A,False,gymshark
"Quick ab flex ğŸ˜®â€ğŸ’¨
Shop up to 60% off + use â€˜EXTRA-25â€™ for an additional 25% - ğŸ”— in bio
#Gymshark",07-07-2024,N/A,60%,True,gymshark
"Our sale has just got even better...
Use code â€˜EXTRA-25â€™ for an additional 25% off ğŸ‘€
ğŸ”— in bio to shop or visit our Regent St. store
#Gymshark",05-07-2024,N/A,25%,True,gymshark
"When you realise even more discounts have been added to the Gymshark sale ğŸ”¥
Perfect opportunity to get those matching pumper pants ğŸ‘€
ğŸ”— in bio for up to 60% off + new discounts added
*discounts may vary per region
#Gymshark",03-07-2024,N/A,60%,True,gymshark
"Gymshark sale is ON ğŸ”¥

The entire site is HEAVILY discounted. Get some new ribbed tanks, grab the Pumper Pants and double down on your favorites. Donâ€™t miss out.",28-06-2024,N/A,N/A,True,gymshark
"Shop up to 60% off everything in the Gymshark Sale ğŸ‘€
ğŸ”— in bio to shop
#Gymshark",27-06-2024,N/A,60%,True,gymshark
"Lifting squad ğŸ’ª
#Gymshark",30-06-2024,N/A,N/A,False,gymshark
"When the Gymshark Sale fits arrive ğŸ”¥
ğŸ”— in bio to shop up to 60% off
#Gymshark",30-06-2024,N/A,60%,True,gymshark
"Tirando facha dentro y fuera del gym ğŸ¦ˆ

Padrinos recuerden que sigue activo el GYMSHARK SALE donde pueden encontrar todo hasta con el 60% de descuento!!

Vayan y armen su mejor facha para que revienten vena con estilo",01-07-2024,N/A,N/A,True,gymshark
"Invest in your own stock ğŸ“ˆ
P.S. Get up to 60% off in the Gymshark Sale - ğŸ”— in bio
#Gymshark",29-06-2024,N/A,60%,True,gymshark
"it's the summer of gains âš”ï¸

there's still a few days left of gymshark's massive sale! up to 60% off the entire site ğŸ¦ˆ 

#gymshark",02-07-2024,N/A,60%,True,gymshark
"We Do Gym.
#Gymshark",02-07-2024,N/A,N/A,False,gymshark
"Bringing Vines back to promote the Gymshark sale >>>
ğŸ”— in bio to shop up to 60% off everything
#Gymshark",28-06-2024,N/A,60%,True,gymshark
"Gym is always the solution ğŸ«¡
#Gymshark",29-06-2024,N/A,N/A,False,gymshark
"Iconic.
#Gymshark",01-07-2024,N/A,N/A,False,gymshark
"Less than 24 hours to go till the Gymshark Sale ğŸ‘€
Up to 60% off everything, June 27th
4pm BST | 8am PDT | 11am EDT | 6pm AEST | 10am Regent St. Store
#Gymshark",26-06-2024,27-06-2024,60%,True,gymshark
"Miss the Gymshark Sale? Could never be me ğŸ‘€
Up to 60% off everything, June 27th
4pm BST | 8am PDT | 11am EDT | 6pm AEST | 10am Regent St. Store
#Gymshark",21-06-2024,27-06-2024,60%,True,gymshark
"Lift yourself and others around you ğŸ”¥
#Gymshark",25-06-2024,N/A,N/A,False,gymshark
"Pull up to the gym ğŸ«µ
P.S. Get up to 60% off everything, June 27th
4pm BST | 8am PDT | 11am EDT | 6pm AEST | 10am Regent St. Store
#Gymshark",25-06-2024,27-06-2024,60%,True,gymshark
"Surround yourself with like-minded people ğŸ§ 
Up to 60% off everything, June 27th
4pm BST | 8am PDT | 11am EDT | 6pm AEST | 10am Regent St. Store
#Gymshark",24-06-2024,27-06-2024,60%,True,gymshark
"Aesthetics after shopping the Gymshark Sale ğŸ“ˆğŸ“ˆğŸ“ˆ
Up to 60% off everything, June 27th
4pm BST | 8am PDT | 11am EDT | 6pm AEST | 10am Regent St. Store
#Gymshark",22-06-2024,27-06-2024,60%,True,gymshark
"Asking the family group chat if they want anything from the Gymshark Sale...
ğŸ—“ï¸ June 27th, 4pm BST | 8am PDT | 11am EDT | 6pm AEST | 10am Regent St. Store
#Gymshark",22-06-2024,27-06-2024,N/A,True,gymshark
"ğŸš¨ THE GYMSHARK SALE IS NOW LIVE
Click the link in bio to shop up to 60% off everything ğŸ”—
#Gymshark",27-06-2024,N/A,60%,True,gymshark
"ğŸ lighting spots
#Gymshark",26-06-2024,N/A,N/A,False,gymshark
"Powerful ğŸ˜®â€ğŸ’¨
P.S. Get up to 60% off everything, June 27th
4pm BST | 8am PDT | 11am EDT | 6pm AEST | 10am Regent St. Store
#Gymshark",23-06-2024,27-06-2024,60%,True,gymshark
"Make it count.
#Gymshark",23-06-2024,N/A,N/A,False,gymshark
"Gym rat ğŸ’ª
ğŸ”— in bio for up to 60% off + new discounts added
#Gymshark",04-07-2024,N/A,60%,True,gymshark
"Itâ€™s what we do.
#Gymshark",21-06-2024,N/A,N/A,False,gymshark
"We Do Gym.
#Gymshark",12-06-2024,N/A,N/A,False,gymshark
"2 days to go.
#Gymshark",18-06-2024,N/A,N/A,False,gymshark
"Golden hour aesthetics ğŸ’ª
#Gymshark",11-06-2024,N/A,N/A,False,gymshark
"Letâ€™s go gym together ğŸ‘€
#Gymshark",14-06-2024,N/A,N/A,False,gymshark
"GIVEAWAY NOW CLOSED!

ğŸš¨ WIN A HOME GYM WORTH Â£20,000 ğŸš¨ 
How to enter ğŸ‘‡ 
1. Like this post 
2. Tag a friend in the comments 
3. Follow @gymshark 
4. Follow @primalstrengthofficial 
5. Click the link in bio for additional ways to enter
T&Cs apply, competition closes 16th June, 23:59 BST.

We Do Gym.
#Gymshark",13-06-2024,N/A,N/A,False,gymshark
"BTS of a Gymshark shoot ğŸ“¸
#Gymshark",16-06-2024,N/A,N/A,False,gymshark
"1 day to go.
#Gymshark",19-06-2024,N/A,N/A,False,gymshark
"Youâ€™d better be in the gym this weekend ğŸ¤¨
#Gymshark",15-06-2024,N/A,N/A,False,gymshark
"The Gymshark Sale is coming soon ğŸ”¥
ğŸ—“ï¸ Up to 60% off everything, June 27th
â° 4pm BST | 8am PDT | 11am EDT | 6pm AEST | 10am Regent St. Store
#Gymshark",20-06-2024,27-06-2024,60%,True,gymshark
"Be proud of your progress ğŸ«¡
#Gymshark",24-06-2024,N/A,N/A,False,gymshark
"3 days to go.
#Gymshark",17-06-2024,N/A,N/A,False,gymshark
"Only one way to celebrate the launch of our new Collegiate collection ğŸ¥¤
Available now via The Dropset on the Gymshark app - ğŸ”— in bio
*All vibes were fuelled by pre-workout
#Gymshark",11-06-2024,N/A,N/A,False,gymshark
"Gymshark x @placesplusfaces
In the gym. On the street. With our team.
What we wear is a statement of our culture.
Weâ€™re dropping two vintage-inspired jerseys to be worn from the gym to the street.

Launching July 10th on The Dropset - ğŸ”— in bio to get prepped
#Gymshark",08-07-2024,N/A,N/A,False,gymshark
"Itâ€™s gym time ğŸ‘€
#Gymshark",05-06-2024,N/A,N/A,False,gymshark
"Keep. Doing. You.
P.S. link in bio to shop new releases ğŸ‘€
#Gymshark",06-06-2024,N/A,N/A,False,gymshark
"Youâ€™ve got to want it bad enough.
#Gymshark",01-06-2024,N/A,N/A,False,gymshark
"Lift yourself and others around you.
ğŸ”— in bio to shop new releases
#Gymshark",07-06-2024,N/A,N/A,False,gymshark
"Eat. Your. Protein.
#Gymshark",09-06-2024,N/A,N/A,False,gymshark
"Be proud of how far youâ€™ve come.
#Gymshark #MentalHealthAwareness",31-05-2024,N/A,N/A,False,gymshark
"Grow together ğŸ¤
#Gymshark",10-06-2024,N/A,N/A,False,gymshark
"Nothing will work unless you do.
#Gymshark",02-06-2024,N/A,N/A,False,gymshark
"Dreams demand hustle.
#Gymshark",04-06-2024,N/A,N/A,False,gymshark
"When â€˜every day is chest dayâ€™ pays off.
#Gymshark",03-06-2024,N/A,N/A,False,gymshark
"Summers spent in the gym >>>
#Gymshark",08-06-2024,N/A,N/A,False,gymshark
"Vibes unmatched >>> 
ğŸ“ London Lifting Club @ Gymshark Regent St.
#Gymshark",22-05-2024,N/A,N/A,False,gymshark
"Tag your swolemate ğŸ‘‡ 
#Gymshark",21-05-2024,N/A,N/A,False,gymshark
"True strength comes from within ğŸ–¤ 

Shop the new gymshark hijabs, all colors online ğŸ§•",24-05-2024,N/A,N/A,False,gymshark
"Never stop putting in the work.
#Gymshark",23-05-2024,N/A,N/A,False,gymshark
"Make it count.
#Gymshark",20-05-2024,N/A,N/A,False,gymshark
"Invest in your own stock ğŸ“ˆ
#Gymshark",26-05-2024,N/A,N/A,False,gymshark
"This month the only place youâ€™ll see me is the gym ğŸ˜¤
#Gymshark",19-05-2024,N/A,N/A,False,gymshark
"Somethingâ€™s coming ğŸ‘€
Turn on post notifications for TOMORROW at 4pm BST.
#Gymshark",29-05-2024,N/A,N/A,False,gymshark
"Muscle mommy @elenachristine_s ğŸ’ª
#Gymshark",28-05-2024,N/A,N/A,False,gymshark
"Did you train today? ğŸ‘€
#Gymshark",27-05-2024,N/A,N/A,False,gymshark
"Want more discount for TODAY only? ğŸ¤‘
Itâ€™s Gymshark Athlete Day 2024, and to show them some love weâ€™ve upped their codes to get you 24% off for the next 24 hours.
And, if you canâ€™t decide which code to use, GYMSHARK24 is the one for you.
#Gymshark",30-05-2024,N/A,24%,True,gymshark
"Letâ€™s go to the gym & lift weights ğŸ¤
#Gymshark",25-05-2024,N/A,N/A,False,gymshark
"We meet again ğŸ 
#Gymshark",24-05-2024,N/A,N/A,False,gymshark
"@Gymshark everywear collection available now via The Dropset on the Gymshark app!
#Gymshark #gymsharkpartner",15-05-2024,N/A,N/A,False,gymshark
"@carlosbelcast got us needing that mesh tee.
#Gymshark",18-05-2024,N/A,N/A,False,gymshark
"Matching red fits >>>
#Gymshark",16-05-2024,N/A,N/A,False,gymshark
"The one youâ€™ve all been waiting for ğŸ‘€
Our first two Dropset collections are now available on the Gymshark App 
ğŸ”— in bio to shop Everywear & our Mesh Tees
#Gymshark",15-05-2024,N/A,N/A,False,gymshark
"Some weights are harder to spot than others.
Look out for your gym partners ğŸ’™
#Gymshark #MentalHealthAwareness",17-05-2024,N/A,N/A,False,gymshark
"The ultimate everywear bundle ğŸ¤©
Featuring; our new premium collection â€˜everywearâ€™, AirPod Max headphones, an Apple Watch, Prada sunglasses & a gift card for The Goat ğŸ”¥

Itâ€™s almost time for the release of our new premium collection: everywear
Heavy-weight, lifting-inspired, classic streetwear looks.

The first featured collection in The Dropset.
The only place to get your hands on exclusive, limited-edition monthly drops before anyone else.

â° Dropping 48hrs early on our app. May 15th 4pm BST.
#Gymshark",13-05-2024,N/A,N/A,False,gymshark
"Old school aesthetics ğŸ’ª
ğŸ”— in bio to shop new lifting releases
#Gymshark",10-05-2024,N/A,N/A,False,gymshark
"Itâ€™s down to you to make it happen.
#Gymshark",12-05-2024,N/A,N/A,False,gymshark
"This weekend we work ğŸ¤ 
#Gymshark",17-05-2024,N/A,N/A,False,gymshark
"Less than 24 hours until the release of our new premium collection: everywear ğŸ‘€
Heavy-weight, lifting-inspired, classic streetwear looks.

The first featured collection in The Dropset.
The only place to get your hands on exclusive, limited-edition monthly drops before anyone else.

â° Dropping 48hrs early on our app. May 15th 4pm BST.
#Gymshark",14-05-2024,N/A,N/A,False,gymshark
"Let your progress do the talking. 
ğŸ”— to shop new releases 
#Gymshark",16-05-2024,N/A,N/A,False,gymshark
"Leggings for every workout of the week ğŸ”¥
ğŸ”— in bio to shop
#Gymshark",11-05-2024,N/A,N/A,False,gymshark
"Tag someone you wanna train with ğŸ’ª
#Gymshark",06-05-2024,N/A,N/A,False,gymshark
"Make progress your purpose ğŸ“ˆ
#Gymshark",05-05-2024,N/A,N/A,False,gymshark
"@elenachristine_s. Thatâ€™s the caption.
Choose your fave gym fit ğŸ‘‡
#Gymshark",28-04-2024,N/A,N/A,False,gymshark
"El padrino ğŸ’ª
#Gymshark",04-05-2024,N/A,N/A,False,gymshark
"Ignoring responsibilities for the gym >>>
#Gymshark",01-05-2024,N/A,N/A,False,gymshark
"@mcshnizzle is here ğŸ”¥
#Gymshark",03-05-2024,N/A,N/A,False,gymshark
"Weight belongs in your hands, not in your head.
#Gymshark #MentalHealthAwareness",08-05-2024,N/A,N/A,False,gymshark
"Powerful.
#Gymshark",30-04-2024,N/A,N/A,False,gymshark
"If the Golden Era happened in 2024, theyâ€™d definitely be wearing Gymshark too ğŸ”¥
ğŸ”— in bio to shop new lifting releases
#Gymshark",02-05-2024,N/A,N/A,False,gymshark
"Introducing: everywear.
Heavy-weight, lifting-inspired, classic streetwear looks.

The first featured collection in The Dropset.
The only place to get your hands on exclusive, limited-edition monthly drops before anyone else.

â° Dropping 48hrs early on our app. May 15th 4pm BST.

*products may vary per region
#Gymshark",07-05-2024,N/A,N/A,False,gymshark
"Powerlifter aesthetics âš¡ï¸
#Gymshark",29-04-2024,N/A,N/A,False,gymshark
"Going to the gym to lift my mood for the rest of the day >>>
#Gymshark",09-05-2024,N/A,N/A,False,gymshark
"This fit is fire ğŸ”¥
ğŸ”— in bio to shop new releases
#Gymshark",25-04-2024,N/A,N/A,False,gymshark
"Surround yourself with like-minded people ğŸ§ 
#Gymshark",26-04-2024,N/A,N/A,False,gymshark
"Pull up to the gym ğŸ«µ
#Gymshark",23-04-2024,N/A,N/A,False,gymshark
"Gym is life ğŸ¤
#Gymshark",22-04-2024,N/A,N/A,False,gymshark
"@davidlaid watching on ğŸ«¡
#Gymshark",27-04-2024,N/A,N/A,False,gymshark
"We Do Gym.
#Gymshark",19-04-2024,N/A,N/A,False,gymshark
"â€œwho got you smilingâ€ me + my gym progress
p.s. our new releases will also get you smiling - ğŸ”— in bio to shop
#Gymshark",20-04-2024,N/A,N/A,False,gymshark
"You never regret going to the gym ğŸ’ª
#Gymshark",24-04-2024,N/A,N/A,False,gymshark
"A good routine is a powerful thing ğŸ“ˆ
#Gymshark",21-04-2024,N/A,N/A,False,gymshark
"La inspiraciÃ³n ğŸ”¥
#Gymshark",17-04-2024,N/A,N/A,False,gymshark
"Training with them >>>
#Gymshark",16-04-2024,N/A,N/A,False,gymshark
"Just @_brittanylupton ğŸ”¥
#Gymshark",18-04-2024,N/A,N/A,False,gymshark
"Lifting gang ğŸ¤
#Gymshark",09-04-2024,N/A,N/A,False,gymshark
"Texting is boring, I want to go to the gym with you ğŸ‘€
Send this to them...
#Gymshark",06-04-2024,N/A,N/A,False,gymshark
"Aesthetics ğŸ”›ğŸ”
#Gymshark",12-04-2024,N/A,N/A,False,gymshark
"When you get cropped out the photo ğŸ˜¬
#Gymshark",07-04-2024,N/A,N/A,False,gymshark
"Mesh shorts stay winning ğŸ¥‡ 
#Gymshark",08-04-2024,N/A,N/A,False,gymshark
"On our way to the gym ğŸ”¥
ğŸ”— in bio to shop new lifting releases
#Gymshark",04-04-2024,N/A,N/A,False,gymshark
"Underwear so good, you wonâ€™t want to wear anything else.
ğŸ›’ Link in bio to cop yours
#Gymshark",04-04-2024,N/A,N/A,False,gymshark
"Itâ€™s always them ğŸ”¥
p.s. our new underwear is out now - ğŸ”— in bio to cop yours
#Gymshark",10-04-2024,N/A,N/A,False,gymshark
"Swolemates ğŸ’ª
#Gymshark",15-04-2024,N/A,N/A,False,gymshark
"Adapt Safari? Nah, @sarasaffari__ ğŸ”¥
ğŸ”— in bio to shop our leggings
#Gymshark",05-04-2024,N/A,N/A,False,gymshark
"Delts looking 4D ğŸ˜®â€ğŸ’¨
#Gymshark",11-04-2024,N/A,N/A,False,gymshark
"You never regret going to the gym ğŸ«µ
#Gymshark",14-04-2024,N/A,N/A,False,gymshark
"Gym rats ğŸ’ª
#Gymshark",25-03-2024,N/A,N/A,False,gymshark
"This lighting goes crazy âš¡ï¸
#Gymshark",27-03-2024,N/A,N/A,False,gymshark
"This might be the comfiest underwear youâ€™ll ever own...
But we canâ€™t be responsible if you forget the rest of your fit ğŸ¤·
#Gymshark",02-04-2024,N/A,N/A,False,gymshark
"Gymshark Lifting.
Whatever your look, whatever you lift - ğŸ”— in bio to shop
#Gymshark",28-03-2024,N/A,N/A,False,gymshark
"Weâ€™re Gymshark, We Do Gym.
#Gymshark",24-03-2024,N/A,N/A,False,gymshark
"Gymsharkâ€™s first fragranceâ€¦
It stinks. But our sale doesnâ€™t. 
Use code FLASH-20 for 20% off via link in bio ğŸ”— 
#Gymshark",01-04-2024,N/A,20%,True,gymshark
"@james_beardwell had them shocked ğŸ˜³
#Gymshark",29-03-2024,N/A,N/A,False,gymshark
"POV: itâ€™s gym laundry day
Whoâ€™s heard about our new underwear? ğŸ‘€
ğŸ’µ P.S. today only you can get 20% off site wide with code FLASH-20 - link in bio 
#Gymshark",01-04-2024,N/A,20%,True,gymshark
"Introducing: The Dropset.
The Dropset is the only place to get your hands on exclusive monthly Gymshark drops before anyone else...
From the coldest collabs to the freshest graphics.
Limited stock. Limited access. Unlimited vibes.
Download the Gymshark app & keep your eyes peeled for the first drop coming soon ğŸ‘€
#Gymshark",25-03-2024,N/A,N/A,False,gymshark
"Send to someone you wanna train with ğŸ¤
#Gymshark",03-04-2024,N/A,N/A,False,gymshark
"Lifting squad ğŸ’ª
#Gymshark",31-03-2024,N/A,N/A,False,gymshark
"1 month since Lift: Miami ğŸŒ´
Whoâ€™s excited for our next Lift event? ğŸ‘€
#Gymshark",26-03-2024,N/A,N/A,False,gymshark
"Sports bras more trustworthy, supportive and reliable than your ex ğŸ‘€
ğŸ”— in bio to shop sports bras
#Gymshark",15-03-2024,N/A,N/A,False,gymshark
"Two days after leg day is the trenches ğŸ˜­
#Gymshark",19-03-2024,N/A,N/A,False,gymshark
"We donâ€™t do everything good; we do one thing great. 
Weâ€™re Gymshark, We Do Gym.
#Gymshark",21-03-2024,N/A,N/A,False,gymshark
"Locked in ğŸ”
#Gymshark",12-03-2024,N/A,N/A,False,gymshark
"Strong team ğŸ’ª
#Gymshark",22-03-2024,N/A,N/A,False,gymshark
"Bro at the end made it look easy ğŸ˜³
#Gymshark",20-03-2024,N/A,N/A,False,gymshark
"Average gym couple in-between sets...
#Gymshark",13-03-2024,N/A,N/A,False,gymshark
"Never underestimate yourself ğŸ«¡
#Gymshark",18-03-2024,N/A,N/A,False,gymshark
"102 miles complete in 27 hours and 28 mins by @nathannfrench ğŸ†
#Gymshark",18-03-2024,N/A,N/A,False,gymshark
"Want it. Chase it. Get it.
#Gymshark",23-03-2024,N/A,N/A,False,gymshark
"Bro really said ğŸ‘ï¸ğŸ‘ƒğŸ‘ï¸
#Gymshark",14-03-2024,N/A,N/A,False,gymshark
"Nuestro marido @carlosbelcast ğŸ‘€
#Gymshark",16-03-2024,N/A,N/A,False,gymshark
"All these powerful punches, kicks, baseball bat hits, and still canâ€™t hit as hard as @francisngannou ğŸ¥Š
Good luck AJ, from Gymshark.
#Gymshark",04-03-2024,N/A,N/A,False,gymshark
"â€œLife is a game; go play.â€ ğŸ’™
The @annaarcherfitness x Gymshark Signature Series is now live - ğŸ”— in bio
#Gymshark",07-03-2024,N/A,N/A,False,gymshark
"AestheticsÂ² ğŸ’ª
#Gymshark",02-03-2024,N/A,N/A,False,gymshark
"When the gym vibes are just right ğŸ”¥
#Gymshark",10-03-2024,N/A,N/A,False,gymshark
"â€œwho even likes leg day?â€
us on leg day: ğŸ™‚
#Gymshark",09-03-2024,N/A,N/A,False,gymshark
"@elenachristine_s is her ğŸ”¥
#Gymshark",05-03-2024,N/A,N/A,False,gymshark
"Itâ€™s a great day to go to the gym ğŸ¤
Happy #IWD2024 ğŸ’™
#Gymshark",08-03-2024,N/A,N/A,False,gymshark
"Press Conference âœ…  #JoshuaNgannou 

Wearing a one-of-a-kind collaboration between @Gymshark and @Ahluwalia ğŸ™ŒğŸ¿",06-03-2024,N/A,N/A,False,gymshark
"A look back at our favourite #Gymshark66 moments ğŸ’™
Tell us yours â†“
#Gymshark",07-03-2024,N/A,N/A,False,gymshark
"The news is out: Gymshark has landed at Selfridges ğŸ‡¬ğŸ‡§

Along with your favourites, youâ€™ll find the exclusive everywear collection too. Available to shop at @theofficialselfridgesâ€™ link in bio and in store at #SelfridgesLondon and #SelfridgesManchesterTrafford.

Let us know if youâ€™ll be coming to visitğŸ‘‡
#Gymshark",04-03-2024,N/A,N/A,False,gymshark
"Itâ€™s true ğŸ¤·
#Gymshark",11-03-2024,N/A,N/A,False,gymshark
"Biggest run club yet with @annaarcherfitness ğŸ¤¯
Comment if you can spot yourself ğŸ‘€
#Gymshark",06-03-2024,N/A,N/A,False,gymshark
"What city should we Lift next? ğŸ‘€
#Gymshark",28-02-2024,N/A,N/A,False,gymshark
"iHola! Miami, Gymshark is here ğŸ”¥
Lift: Miami day 1 âœ…
-
iHola Miami, Gymshark estÃ¡ aquÃ­! ğŸ”¥
Lift: Miami dÃ­a 1 âœ…
#Gymshark",25-02-2024,N/A,N/A,False,gymshark
"Gymshark ğŸ¤ Miami 
#gymshark",26-02-2024,N/A,N/A,False,gymshark
"Miami, weâ€™re out ğŸ«¡
-
Miami, fue in placer ğŸ«¡
#Gymshark",26-02-2024,N/A,N/A,False,gymshark
"The gym has my heart ğŸ«¶
#Gymshark",21-02-2024,N/A,N/A,False,gymshark
"Think you can hit like me? 

@Gymshark are giving Â£10,000 to anyone who can hit as hard as me.
 
Got what it takes? Tag a friend in the comments, sign up (link in bio) and head to Kachette, London to throw a punch/kick/crow bar at the bag on March 2nd.
 
Good luck. Iâ€™ll be watching! #ad",26-02-2024,N/A,N/A,False,gymshark
"Lift: Miami, weâ€™re ready for you ğŸ’ª
-
Lift: Miami, estamos listos ğŸ’ª
#Gymshark",24-02-2024,N/A,N/A,False,gymshark
"Real talk ğŸ—£ï¸
#Gymshark",22-02-2024,N/A,N/A,False,gymshark
"We know youâ€™ve been excited for this one ğŸ‘€
The @analiscruzx x Gymshark Signature Series is now live - ğŸ”— in bio
#Gymshark",29-02-2024,N/A,N/A,False,gymshark
"@carlosbelcast x Gymshark
P.S. Final few tickets available for Lift: Miami this weekend ğŸ”—
-
P.D. Ãšltimas entradas disponibles para Lift: Miami este fin de semana ğŸ”—
#Gymshark",21-02-2024,N/A,N/A,False,gymshark
"Tag your gym bestie ğŸ‘‡
#Gymshark",27-02-2024,N/A,N/A,False,gymshark
"Hitting a PR in front of this crowd ğŸ”¥
#Gymshark",01-03-2024,N/A,N/A,False,gymshark
"@nathanielmassiah really sacrificed his headphones for this PR ğŸ§
#Gymshark",12-02-2024,N/A,N/A,False,gymshark
"Remember why you started ğŸ’ª
#Gymshark",09-02-2024,N/A,N/A,False,gymshark
"@james_beardwell + black & white = aesthetic.
#Gymshark",17-02-2024,N/A,N/A,False,gymshark
"Paused deadlift got him shocked ğŸ˜³
#Gymshark",19-02-2024,N/A,N/A,False,gymshark
"45% of Black women admit to avoiding exercise to keep their hairstyles intact. We want to help.

Introducing the Gymshark Diffuse Sweat Headband, designed with textured and curly hair in mind.

Sweat-wicking, durable and multi-wear, our new Diffuse Sweat Headband aims to give you one less thing to think about when working out.

Available to shop now in selected regions (link in bio). Coming to the US very soon ğŸ‘€

P.S. We're putting the headband to the test this weekend at twists â€˜nâ€™ sets fitness class with Effect + you can get exclusive access to the headband at Lift: Miami ğŸŒ´

#Gymshark",15-02-2024,N/A,N/A,False,gymshark
"A good routine is a powerful thing ğŸ“ˆ
#Gymshark",20-02-2024,N/A,N/A,False,gymshark
"This is your sign to go to the gym ğŸ«¡
#Gymshark",10-02-2024,N/A,N/A,False,gymshark
a little something to brighten someoneâ€™s day ğŸŒŸğŸ¥¹ #gymshark66 #gymshark,15-02-2024,N/A,N/A,False,gymshark
"Everybody has an opinion. 

I choose to block out the noise.

Not born different. Built Different. @Gymshark",11-02-2024,N/A,N/A,False,gymshark
"Our one true love ğŸ«¶
#Gymshark",14-02-2024,N/A,N/A,False,gymshark
"POV: itâ€™s leg day ğŸ”¥
#Gymshark",16-02-2024,N/A,N/A,False,gymshark
"Miami, weâ€™re ready ğŸ”¥
Link in bio to get your FREE Lift: Miami tickets!
-
Miami, estamos listos ğŸ”¥
Chequea el enlace en nuestra bio para conseguir tus entradas GRATIS para Lift:Miami!
#Gymshark",03-02-2024,N/A,N/A,False,gymshark
"Admiring your gym bro ğŸ’ª
#Gymshark",28-01-2024,N/A,N/A,False,gymshark
"Gym is life ğŸ¤
#Gymshark",30-01-2024,N/A,N/A,False,gymshark
"Lift: Miami tickets are now live!
ğŸ”— in bio to get yours
Drop a ğŸŒ´ below if youâ€™re coming
-
Las entradas para Lift:Miami ya estÃ¡n a la venta!
ğŸ”— en nuestra bio para conseguir tus entradas
Comenta una ğŸŒ´ abajo si es que vienes
#Gymshark",29-01-2024,N/A,N/A,False,gymshark
"@james_beardwell ğŸ¤ the Gymshark community
#Gymshark #Gymshark66",04-02-2024,N/A,N/A,False,gymshark
"Sand sculptures arenâ€™t the only thing happening in Miami ğŸ”¥
ğŸ”— Lift: Miami free tickets in bio
#Gymshark",07-02-2024,N/A,N/A,False,gymshark
"To help with your #Gymshark66 goals, weâ€™re giving away 50,000 FREE gym day passes for everyone whoâ€™s signed up ğŸ‘€
ğŸ”— in bio to get yours via the Gymshark Training app
#gymshark",01-02-2024,N/A,N/A,False,gymshark
"What is your reason why? ğŸ‘‡
#Gymshark #Gymshark66",02-02-2024,N/A,N/A,False,gymshark
"Today youâ€™re one step closer.
Day 49/66 âœ…
#Gymshark #Gymshark66",18-02-2024,N/A,N/A,False,gymshark
"Step 1: Do it.
Step 2: Keep doing it.
#Gymshark",07-02-2024,N/A,N/A,False,gymshark
"Keep. Doing. You.
#Gymshark",08-02-2024,N/A,N/A,False,gymshark
"GIVEAWAY CLOSED ğŸš¨
Lift: Miami is coming soon ğŸ‘€
So weâ€™re giving 1 lucky winner the ultimate Lift: Miami bundle!
How to enter ğŸ‘‡
1. Like this post
2. Follow @gymshark 
3. Tag 2x friends
4. Click the link in bio for additional ways to enter
T&Cs apply, competition closes February 5th, 15:00 GMT.
#Gymshark",31-01-2024,N/A,N/A,False,gymshark
"Be proud of how far youâ€™ve come ğŸ™Œ
#Gymshark",05-02-2024,N/A,N/A,False,gymshark
"Day 21/66 âœ…
#Gymshark66 #Gymshark",21-01-2024,N/A,N/A,False,gymshark
"Youâ€™ll find us in the gym ğŸ¤
#Gymshark",16-01-2024,N/A,N/A,False,gymshark
"Throwback to Lift: LA ğŸ”¥
Where should our next Lift event be? ğŸ‘€
#Gymshark",20-01-2024,N/A,N/A,False,gymshark
"This is wholesome ğŸ’™
#Gymshark #Gymshark66",19-01-2024,N/A,N/A,False,gymshark
"Are your alarms set?! â°

Weâ€™re so excited to be kicking off our athlete Signature Series with @libbychristensen 

These pieces and color ways have been selected to make you feel strong, confident, capable, and most importantly, to remind you that a bad day is still a luxury! â›…ï¸

This is your sign to head to the site on Jan 25th at 9am MST | 11am EST | 4pm GMT to get your hands on this limited range ğŸ‘€

#Gymshark",24-01-2024,N/A,N/A,False,gymshark
"Whatâ€™s up ... Miami ğŸ”¥
Our next Lift event is coming your way ğŸ’ª
ğŸ“ Miami, USA
ğŸ—“ February 24th & 25th
ğŸŸ Free tickets available January 29th
-
Â¿QuÃ© pasa ... Miami ğŸ”¥
Nuestro prÃ³ximo evento Lift se estÃ¡ acercando ğŸ’ª
ğŸ“ Miami, EE.UU.
ğŸ—“ El 24 y 25 de febrero
ğŸŸ Entradas gratuitas disponibles el 29 de enero

#Gymshark",25-01-2024,N/A,N/A,False,gymshark
"Gymshark Lifting Tour: Part 1 ğŸ’ª
Where progress is our purpose, the energy was unmatched. 
Shout out to everyone who came, we are just getting started ğŸš€
#Gymshark #Gymshark66",26-01-2024,N/A,N/A,False,gymshark
"Our next event is coming... and itâ€™s gonna be huge ğŸ‘€ğŸï¸
Can you guess? â†“
#Gymshark",22-01-2024,N/A,N/A,False,gymshark
"Did you train today? ğŸ¤¨
#Gymshark",27-01-2024,N/A,N/A,False,gymshark
"show up. every day.
#Gymshark",18-01-2024,N/A,N/A,False,gymshark
"Guess their bench press PR ğŸ¤”
#Gymshark #Gymshark66",23-01-2024,N/A,N/A,False,gymshark
"Tag someone you wanna train with this year ğŸ‘‡
#Gymshark",13-01-2024,N/A,N/A,False,gymshark
"Day 7/66 âœ…
How was your first week of #Gymshark66? â†“
#Gymshark",07-01-2024,N/A,N/A,False,gymshark
"Day 14/66 âœ…
#Gymshark66 #Gymshark",14-01-2024,N/A,N/A,False,gymshark
"Lightweight baby ğŸ—£ï¸
@davidlaid with the nod of approval ğŸ¤
#Gymshark",09-01-2024,N/A,N/A,False,gymshark
"The season of growth ğŸ’ª
#Gymshark",08-01-2024,N/A,N/A,False,gymshark
"Second store coming in strong... ğŸ‘€
Opening summer 2024.
Can you guess where it is? ğŸ“
#Gymshark",11-01-2024,N/A,N/A,False,gymshark
"We keep working ğŸ”¥
#Gymshark",15-01-2024,N/A,N/A,False,gymshark
"How much can you change your life in 66 days? 

We are 2 weeks into the #Gymshark66 challenge, where your healthy habits, accountability and commitment to your daily tasks are as important than ever. Focusing on the small wins day to day is how progress is made. Let us know in the comments what you are focusing on â¬‡ï¸

#Gymshark",12-01-2024,N/A,N/A,False,gymshark
"Be true, be you ğŸ§¡
#Gymshark",10-01-2024,N/A,N/A,False,gymshark
"The dark aesthetic goes crazy ğŸ˜®â€ğŸ’¨
#Gymshark",05-01-2024,N/A,N/A,False,gymshark
"Now vs then ğŸ“ˆ
#Gymshark #Gymshark66",04-01-2024,N/A,N/A,False,gymshark
"Hard work is a habit ğŸ«¡
#Gymshark",06-01-2024,N/A,N/A,False,gymshark
"Embrace the setbacks and keep working ğŸ¤
#Gymshark",17-01-2024,N/A,N/A,False,gymshark
"Feeling powerful ğŸ”¥
#Gymshark",24-12-2023,N/A,N/A,False,gymshark
"It doesnâ€™t work if you donâ€™t ğŸ¤
#Gymshark",03-01-2024,N/A,N/A,False,gymshark
"Our 2023 recap ğŸ’™
#Gymshark",31-12-2023,N/A,N/A,False,gymshark
"Gymshark66 ğŸ¤ Community

They say it takes 66 days to form a habit; we believe it takes 66 days to change your life.
Gymshark66 is an opportunity to make progress your purpose.

How much can you change your life in 66 days? Get involved via the link in bio to make your pledges!

#Gymshark #Gymshark66",01-01-2024,N/A,N/A,False,gymshark
"Happy holidays from the Gymshark Fam ğŸ’™
#Gymshark",25-12-2023,N/A,N/A,False,gymshark
"Never underestimate yourself ğŸ«¡
#Gymshark",29-12-2023,N/A,N/A,False,gymshark
"Keep pushing forward until success becomes the only outcome ğŸ”¥
ğŸ”— in bio to sign up for the #Gymshark66 challenge!
#Gymshark",01-01-2024,N/A,N/A,False,gymshark
"Itâ€™s almost time for #Gymshark66 ğŸ‘€
ğŸ”— in bio to sign up for the challenge!
#Gymshark",30-12-2023,N/A,N/A,False,gymshark
"Trust the process and stay true to yourself ğŸ§ 
#Gymshark",26-12-2023,N/A,N/A,False,gymshark
"@davidlaid really said ğŸ™‚
#Gymshark",27-12-2023,N/A,N/A,False,gymshark
"The energy is hitting ğŸ”¥
#Gymshark",28-12-2023,N/A,N/A,False,gymshark
"100% today for 1% better tomorrow.
#Gymshark",02-01-2024,N/A,N/A,False,gymshark
"Gym = happiness ğŸ«¶
#Gymshark",20-12-2023,N/A,N/A,False,gymshark
"Majestic ğŸ”¥
#Gymshark",14-12-2023,N/A,N/A,False,gymshark
"@allismeltzer in green ğŸ”¥
#Gymshark",16-12-2023,N/A,N/A,False,gymshark
"No... this canâ€™t be ğŸ˜¢
#Gymshark",17-12-2023,N/A,N/A,False,gymshark
"Gym partner appreciation post ğŸ¤
Tag yours â†“
#Gymshark",13-12-2023,N/A,N/A,False,gymshark
"Swolemates ğŸ’ª
#Gymshark",22-12-2023,N/A,N/A,False,gymshark
"ğŸš¨GIVEAWAY CLOSED ğŸš¨
Gymshark66 2024 is coming. 
So weâ€™re giving 1 lucky winner the ultimate starter pack (swipe to see the prizes ğŸ‘€)
How to enter ğŸ‘‡
1. Like this post
2. Follow @gymshark
3. Tag a friend
4. Click the link in bio for additional ways to enter
T&Cs apply, competition closes December 17th, 18:59 GMT. 
#Gymshark #Gymshark66",15-12-2023,N/A,N/A,False,gymshark
"BTS of a Gymshark shoot ğŸ“¸
#Gymshark",18-12-2023,N/A,N/A,False,gymshark
"Youâ€™ll find us in the gym ğŸ«¡
#Gymshark",23-12-2023,N/A,N/A,False,gymshark
"Last week we took over the @michaeldapaah tracksuit party with a 100KG dumbbell challenge ğŸ’ª
#Gymshark",19-12-2023,N/A,N/A,False,gymshark
"This is your reminder to get back to work.
#Gymshark",13-12-2023,N/A,N/A,False,gymshark
"Set your intentions and follow them âœï¸
P.S. sign up to the #Gymshark66 challenge via link in bio ğŸ”—
#Gymshark",21-12-2023,N/A,N/A,False,gymshark
"Put in the work ğŸ’ª
#Gymshark",06-12-2023,N/A,N/A,False,gymshark
"Prove the haters wrong.
@gymsharklifting
#Gymshark",08-12-2023,N/A,N/A,False,gymshark
"December 1st means one thingâ€¦
Cosy season is here and so are the Gymshark family portraits ğŸ‘€
#Gymshark",01-12-2023,N/A,N/A,False,gymshark
"Gym is life ğŸ¤
#Gymshark",10-12-2023,N/A,N/A,False,gymshark
"They say it takes 66 days to create a habit.
We believe it takes 66 days to change your life.
#Gymshark66 is coming soon ğŸ‘€
#Gymshark",04-12-2023,N/A,N/A,False,gymshark
"Back gains ğŸ”›ğŸ”
#Gymshark",12-12-2023,N/A,N/A,False,gymshark
"@ your gym bestie ğŸ”¥
#Gymshark",03-12-2023,N/A,N/A,False,gymshark
"When the lighting hits right ğŸ”¥
#Gymshark",05-12-2023,N/A,N/A,False,gymshark
"Delts looking insane ğŸ˜®â€ğŸ’¨
#Gymshark",11-12-2023,N/A,N/A,False,gymshark
"Make this week count ğŸ”¥
#Gymshark",07-12-2023,N/A,N/A,False,gymshark
"Training with your gym bros >>>
#Gymshark",02-12-2023,N/A,N/A,False,gymshark
"Embrace the failure and keep working ğŸ«¡
#Gymshark",09-12-2023,N/A,N/A,False,gymshark
"elite team ğŸ¤
#Gymshark",30-11-2023,N/A,N/A,False,gymshark
"Let them fear you.

You still have time to shop last chance Gymshark cyber deals! From $10, donâ€™t miss out.",30-11-2023,N/A,N/A,True,gymshark
"lifting squads ğŸ’ª
#Gymshark",28-11-2023,N/A,N/A,False,gymshark
"our muscle mommy ğŸ‘‘
shop link in bio for cyber monday deals 
#Gymshark",27-11-2023,N/A,N/A,True,gymshark
"Those 5â€ shorts be hitting different ğŸ˜®â€ğŸ’¨
Get yours for up to 70% off in bio ğŸ”—
#Gymshark",26-11-2023,N/A,70%,True,gymshark
"Majestic pairing ğŸ¤
ğŸ”— in bio for our latest cyber monday deals 
#Gymshark",27-11-2023,N/A,N/A,True,gymshark
"Weekends in the gym >>>
#Gymshark",26-11-2023,N/A,N/A,False,gymshark
"success is earned.
link in bio to shop final sale deals ğŸ”—
#Gymshark",30-11-2023,N/A,N/A,True,gymshark
"Never in doubt.
Last night @katie_t86 became a two weight undisputed champion ğŸ”¥
#Gymshark",26-11-2023,N/A,N/A,False,gymshark
"gym rat ğŸ’ª
link in bio to shop sale deals ğŸ”—
#Gymshark",29-11-2023,N/A,N/A,True,gymshark
"matching sale fits ğŸ”¥
link in bio to shop sale deals ğŸ”—
#Gymshark",28-11-2023,N/A,N/A,True,gymshark
"P.S. You can now get an extra 25% off our black friday sale ğŸ‘€
ğŸ”— in bio for up to 70% off everything + use code EXTRA25 even more!
#Gymshark",24-11-2023,N/A,25%,True,gymshark
"â„ï¸Noticiero: Se aproxima un frente frÃ­o tome sus precauciones / Yo mero: 
-
â„ï¸Cold front warning / Me: 

AÃºn hay tiempo para aprovechar los descuentos del Cyber Monday! / Thereâ€™s still time to shop the Gymshark Cyber Deals!

#gymshark",29-11-2023,N/A,N/A,True,gymshark
"Locked in ğŸ”
P.S. You can still get up to 70% off everything via the link in our bio ğŸ‘€
#Gymshark",23-11-2023,N/A,70%,True,gymshark
"Reaching new heights happens in the in-between, 1% better every day. 

The @gymshark Black Friday sale is still going strong! Head to the site now to shop and SAVE while you can! ğŸ¦ˆ

#gymshark",25-11-2023,N/A,N/A,True,gymshark
"i started my fitness journey to regain my power, both mentally and physically. in the past, people have taken away my power and made me feel like my body wasnâ€™t mine anymore. i ended up resenting my body and never felt happy in my own skin. this led me to lose myself completely and i had never felt more powerless. 

it wasnâ€™t until i began my physical and mental health journey, where i was able to slowly find myself again and regain the power that i had felt was once taken from me. iâ€™ve learned to be proud of my body and to never take it for granted again. as a woman, there is nothing more empowering than becoming both physically and mentally strong in a world that views us as weak. fitness is so much more than just lifting heavy weights, itâ€™s a journeyâ€¦ and it can truly change your life if you let it. 

whenever i wear gymshark, i feel powerful. itâ€™s so much more than just activewear, itâ€™s a community. the world wide @gymshark black friday sale is still live with deals up to 70% off!ğŸ’œ

#fitness #gym #workout #fitnessmotivation  #healthylifestyle #gymlife #gymmotivation #muscle #fitnessmodel #exercise #girlswholift #fitnessinfluencer #instagramreels #explorepage #gymgirl #fitnessinspo #gymcrush #gymhoumor #gymrat #gymaesthetic #gymgirls #gymrelatable 
#gymfail #strongwomen #gymshark #gymsharkwomen",19-11-2023,N/A,70%,True,gymshark
"6 years ago, I decided enough was enough. I was tired of being the smallest kid in my year. I would stay up late at night secretly doing push ups and sit-ups on my bedroom floor once everyone had gone to sleep. Shortly after, I gained confidence and decided to go to my school gym where the instructor taught me about weight training, starting off with weighted Calisthenics moves to follow suit with my gymnastics background. 

I remember buying my first Gymshark pieces and wearing them to that gym, it felt like I was putting on a superhero uniform. From then on Iâ€™ve felt unstoppable. And every single day, I have something to be proud of. 

The @gymshark Black Friday is still going right now. Grab your super hero uniform while you still can! Ad

#fitness #gym #workout #naturaltransformation #fitnessmotivation #healthylifestyle #gymlife #gymmotivation #muscle #fitnessmodel #exercise #fitnessinfluencer #instagramreels #explorepage #fitnessinspo #gymhumour #gymrat #gymaesthetic",23-11-2023,N/A,N/A,False,gymshark
"@analiscruzx really is her ğŸ”¥
#Gymshark",21-11-2023,N/A,N/A,False,gymshark
"When those new fits got you feeling powerful ğŸ–¤
ğŸ”— Link in bio to shop up to 70% off in our Black Friday sale
#Gymshark",22-11-2023,N/A,70%,True,gymshark
"We asked people to vandalise our new billboards ğŸ‘€
ğŸ”— in bio to shop up to 70% off everything + an additional 25% with 'EXTRA25'
#Gymshark",25-11-2023,N/A,70%,True,gymshark
"Aesthetics ğŸ’ª
#Gymshark",20-11-2023,N/A,N/A,False,gymshark
"Iconic.
#Gymshark",22-11-2023,N/A,N/A,False,gymshark
"Send this to them ğŸ‘€
#Gymshark",19-11-2023,N/A,N/A,False,gymshark
"Gymshark x @placesplusfaces
In the gym. On the street. With our team.
What we wear is a statement of our culture.
Weâ€™re dropping two vintage-inspired jerseys to be worn from the gym to the street.

Launching July 10th on The Dropset - ğŸ”— in bio to get prepped
#Gymshark",08-07-2024,N/A,N/A,False,gymshark
Excited for your Black Friday orders to get deliveredâ‰ï¸ What are some of your favorite items youâ€™re looking forward to unbox ğŸ“¦â³ğŸ¦ˆ,17-11-2023,N/A,N/A,False,gymshark
"Did you find our QR codes around London? ğŸ‘€
P.S. You can now get an ADDITIONAL 25% off when you use 'Extra25' ğŸ¤
And yes that's on top of our up to 70% off items - ğŸ”— in bio!
#Gymshark",24-11-2023,N/A,25%,True,gymshark
"It's true though...
Link in bio to shop up to 70% off everything ğŸ”—
#Gymshark",17-11-2023,N/A,70%,True,gymshark
"Set your intentions and follow them âœï¸
P.S. Get up to 70% off everything in our Black Friday Sale
ğŸ—“ï¸ November 16th - 4pm GMT | 8am PT | 11am EST | 5pm CET | 7pm AEST
#Gymshark",14-11-2023,16-11-2023,70%,True,gymshark
"ğŸš¨ Gymshark's Black Friday Sale is now LIVE!
Click the link in bio to shop up to 70% off everything ğŸ”—
#Gymshark",16-11-2023,N/A,70%,True,gymshark
"Lifting squad ğŸ”¥
#Gymshark",14-11-2023,N/A,N/A,False,gymshark
"â€œYou canâ€™t park there mateâ€ ğŸ‘®â€â™‚ï¸
P.S. Get up to 70% off everything in our Black Friday Sale
ğŸ—“ï¸ November 16th 4pm GMT | 8am PT | 11am EST | 5pm CET | 7pm AEST
#Gymshark",13-11-2023,16-11-2023,70%,True,gymshark
"The Gymshark Black Friday sale has landed ğŸª‚
Link in bio to shop up to 70% off everything!
#Gymshark",18-11-2023,N/A,70%,True,gymshark
"Embarrassed yourself at the gym? At least thereâ€™s up to 70% off Gymshark ğŸ‘€
ğŸ—“ï¸ November 16th 4pm GMT | 8am PT | 11am EST | 5pm CET | 7pm AEST
#Gymshark",15-11-2023,16-11-2023,70%,True,gymshark
"Donâ€™t stop working.
P.S. Thereâ€™s less than 24 hours left till the Gymshark Black Friday Sale â€¼ï¸
ğŸ—“ï¸ November 16th 4pm GMT | 8am PT | 11am EST | 5pm CET | 7pm AEST
#Gymshark",15-11-2023,16-11-2023,N/A,True,gymshark
"Oops ğŸ¤«
P.S. Our Black Friday sale is now live & there's up to 70% off EVERYTHING!
Shop via link in bio ğŸ”—
#Gymshark",16-11-2023,N/A,70%,True,gymshark
"@carlosbelcast x @analiscruzx 
#Gymshark",13-11-2023,N/A,N/A,False,gymshark
"Matching sale fits >>>
#Gymshark",18-11-2023,N/A,N/A,True,gymshark
"Get ready world, somethingâ€™s coming ğŸ‘€
and itâ€™s gonna be big...
#Gymshark",06-11-2023,N/A,N/A,False,gymshark
"Keep working.
#Gymshark",11-11-2023,N/A,N/A,False,gymshark
"Your new champ is here ğŸ‘‘ 
His 10th year competing.
He never gave up.
Never stopped putting in the work.
Our 2023 Olympia Menâ€™s Physique winner @ryanjterry over the years ğŸ 
ğŸ“¸ @gilcoproductions 
#Gymshark",05-11-2023,N/A,N/A,False,gymshark
"The truth ğŸ—£ï¸
#Gymshark",07-11-2023,N/A,N/A,False,gymshark
"Congrats to Jim Shark & Blac Fryday ğŸ’
ğŸ—“ï¸ Get up to 70% off everything - November 16th 4pm GMT | 8am PT | 11am EST | 5pm CET | 7pm AEST
#Gymshark",11-11-2023,16-11-2023,70%,True,gymshark
"We grinding this weekend ğŸ’ª
P.S. Up to 70% off everything in our Black Friday Sale
ğŸ—“ï¸ November 16th 4pm GMT | 8am PT | 11am EST | 5pm CET | 7pm AEST
#Gymshark",12-11-2023,16-11-2023,70%,True,gymshark
"The jacked trio ğŸ’ª
#Gymshark",08-11-2023,N/A,N/A,False,gymshark
"Who else spotted our drone show announcement? ğŸ‘€
Gymsharkâ€™s Black Friday sale is back and this time itâ€™s up to 70% off EVERYTHING! 
ğŸ—“ï¸ November 16th 4pm GMT | 8am PT | 11am EST | 5pm CET | 7pm AEST
#Gymshark",09-11-2023,16-11-2023,70%,True,gymshark
"Gym all day, every day ğŸ™Œ
Get up to 70% off EVERYTHING in Gymshark's Black Friday Sale!
ğŸ—“ï¸ November 16th 4pm GMT | 8am PT | 11am EST | 5pm CET | 7pm AEST
#Gymshark",09-11-2023,16-11-2023,70%,True,gymshark
"Retro Track Pants are ğŸ”¥
#Gymshark",10-11-2023,N/A,N/A,False,gymshark
"Me & my gym bros after shopping the Gymshark Black Friday Sale ğŸ”¥
Get up to 70% off EVERYTHING - 16th November 4pm GMT | 8am PT | 11am EST | 5pm CET | 7pm AEST
#Gymshark",10-11-2023,16-11-2023,70%,True,gymshark
"Powerful ğŸ˜®â€ğŸ’¨
#Gymshark",12-11-2023,N/A,N/A,False,gymshark
"@stevenkelly has arrived ğŸ«¡
#Gymshark",02-11-2023,N/A,N/A,False,gymshark
"ğŸ“ Gymshark Regent St, Londonâ€¦ what a year itâ€™s been ğŸ‰
Where should our next store be? ğŸ‘€
#Gymshark",30-10-2023,N/A,N/A,False,gymshark
"Pull up to the gym ğŸ«¡
#Gymshark",01-11-2023,N/A,N/A,False,gymshark
"Bro might be zeus âš¡ï¸
#Gymshark",31-10-2023,N/A,N/A,False,gymshark
"Muscle mommy ğŸ’™
#Gymshark",27-10-2023,N/A,N/A,False,gymshark
"That W feeling ğŸ”¥
#Gymshark",01-11-2023,N/A,N/A,False,gymshark
"""And the new ğŸ‘€"" ...
He took the words right out of our mouths.
We teamed up with Cameroonian designer @claudekameni to create iconic looks for @francisngannou + his team to wear during fight week.

Tonight, heâ€™ll show the world that he's Built Different. 
We're with him every step of the way ğŸ‘‘
#Gymshark",28-10-2023,N/A,N/A,False,gymshark
"When youâ€™ve already beaten the odds, beating a king is nothing.
@francisngannou, Built Different.
#Gymshark",29-10-2023,N/A,N/A,False,gymshark
"The greatest crime in sporting history ğŸš¨ 
Police are looking for a 35 year old male, 6â€™9â€, weighing 269lbs.
#Gymshark",29-10-2023,N/A,N/A,False,gymshark
"Gymshark athletes assemble ğŸ¦¸â€â™‚ï¸
#Gymshark",04-11-2023,N/A,N/A,False,gymshark
"Keep. Showing. Up. 
#Gymshark",02-11-2023,N/A,N/A,False,gymshark
"Make progress your passion ğŸ”¥
#Gymshark",03-11-2023,N/A,N/A,False,gymshark
"Lighting went crazy ğŸ”¥
#Gymshark",17-10-2023,N/A,N/A,False,gymshark
"We're evolving ğŸ«¡
#Gymshark",24-10-2023,N/A,N/A,False,gymshark
"Pranking the boxing world with a fake @francisngannou CCTV video ğŸ‘€
#Gymshark",18-10-2023,N/A,N/A,False,gymshark
"If I believed everyone who doubted, I would never have made it here. I am a dream chaser and I will never give up. 

Saturday, Iâ€™ll show the world Iâ€™m Built Different. @gymshark",23-10-2023,N/A,N/A,False,gymshark
"Donâ€™t get in the ring with @francisngannou ğŸ¥Š
P.S. Good luck to Francis this weekend, bring it home champ ğŸ†
#Gymshark",27-10-2023,N/A,N/A,False,gymshark
"Feelinâ€™ powerful ğŸ’™
#Gymshark",21-10-2023,N/A,N/A,False,gymshark
"Be your own inspiration ğŸ«¡
#Gymshark",19-10-2023,N/A,N/A,False,gymshark
"Seeing double ğŸ˜®â€ğŸ’¨
#Gymshark",23-10-2023,N/A,N/A,False,gymshark
"@devenfagan x @davidlaid ğŸ”¥
#Gymshark",25-10-2023,N/A,N/A,False,gymshark
"Welcome to the new era of bodybuilding shows ğŸ’ª
#Gymshark",20-10-2023,N/A,N/A,False,gymshark
Limited edition Built Different merch tee with @gymshark now live â˜ğŸ¿ Swipe to see (link in bio to get yours),22-10-2023,N/A,N/A,False,gymshark
"*GIVEAWAY CLOSED*

You're gonna thank us later ğŸ˜‰
Link in bio & story to enter ğŸ”—
#Gymshark",26-10-2023,N/A,N/A,False,gymshark
"Quads on fire ğŸ˜®â€ğŸ’¨
#Gymshark",12-10-2023,N/A,N/A,False,gymshark
"Strong team ğŸ’ª
#Gymshark",15-10-2023,N/A,N/A,False,gymshark
"@ them in the comments ğŸ‘€
#Gymshark",11-10-2023,N/A,N/A,False,gymshark
"Never underestimate yourself ğŸ«¡
Tag someone who needs a reminder â†“
#Gymshark",09-10-2023,N/A,N/A,False,gymshark
"Vive tu cultura means to live your culture. 

Being hispanic means, unity, family, culture, sacrifice, and love. Hispanic Heritage Month is coming to an end, but we will continue to live our culture EVERYDAY. To mark this yearâ€™s celebration, we brought the lifting and Hispanic community together to transform and create a space where we are welcomed. Itâ€™s deeper than just lifting, this is what brings us together, what forms a unity. Itâ€™s a remarkable and beautiful thing to have witnessed in our community. Even though it was dedicated to Hispanic Heritage Month, I hope that it creates a movement to impact every different culture/ethnicity. Iâ€™m forever grateful and I will appreciate this moment forever, thank you a lot. ğŸ¤ @gymshark",13-10-2023,N/A,N/A,False,gymshark
"What a weekend at the first Ryan Terry British Championship ğŸ’ª
Same again next year? ğŸ‘€
#Gymshark @gymsharklifting",16-10-2023,N/A,N/A,False,gymshark
"It's you vs you.
#Gymshark",14-10-2023,N/A,N/A,False,gymshark
"Twins aesthetics ğŸ’ª
#Gymshark",10-10-2023,N/A,N/A,False,gymshark
