brand,caption,post_date,y,sale_date,sale_discount,sitewide,likesCount,commentsCount,url,event
the jojoba co,"Stay hydrated with our Jojoba Duo‚Äîyou‚Äôll receive one 30ml Australian Jojoba and a FREE Jojoba Lip Balm! üíõ‚ú®

#SmarterNaturalSkincare #jojoba #lipbalm",13-12-2024,0,,,0,19,2,https://www.instagram.com/p/DDiGpzLuxL3/,
the jojoba co,"A bathroom staple you‚Äôll never want to be without üíõ

#SmarterNaturalSkincare #jojoba",12-12-2024,0,,,0,18,1,https://www.instagram.com/p/DDfh3_7Oylm/,
the jojoba co,"GIVEAWAY 1Ô∏è‚É£1Ô∏è‚É£

We've partnered with @lunalux.com.au to give FIVE lucky winners a Silk Sleep Eye Mask, plus the Transformative Eye Serum from The Jojoba Company, both valued at $114.95! üò¥

The prize includes:‚Å† 
- 1x Grey 100% Pure Mulberry Silk Sleep Eye Mask Infused with Hyaluronic Acid and Argan Oil
- 1x Transformative Eye Serum 15ml

To enter:‚Å† ‚Å† ‚Å† 
ÔøΩÔøΩ1. Follow @thejojobaco & @lunalux.com.au
ÔøΩÔøΩ2. Like this post
3. Tag a friend in the comments - each tag equals one entry

Full T&Cs: link in bio
All giveaways will run until 12/12 11:59pm and winners will be announced on stories and contacted via DM on 13/12 by @thejojobaco.",11-12-2024,0,,,0,82,187,https://www.instagram.com/p/DDazFi_hiRj/,
the jojoba co,"GIVEAWAY 1Ô∏è‚É£2Ô∏è‚É£
¬†
Left your holiday shopping to the last minute? Don‚Äôt worry‚Äîwe‚Äôve got you covered! To celebrate the final day of our 12 Days of Giveaways, we‚Äôre giving ONE lucky winner ALL of our Holiday Sets, valued at an incredible $417.76! ü§©
¬†
The prize includes:
- 1x The Jojoba Duo Holiday Set
- 1x The Golden Duo Holiday Set
- 1x Double Hydration Holiday Set
- 1x Cleanse. Plump. Hydrate. Holiday Set
- 1x AM/PM Firm & Glow Holiday Set
- 1x Firm. Hydrate. Glow. Holiday Set
¬†
1. Follow @thejojobaco
2. Like this post
3. Tag a friend in the comments - each tag equals one entry
¬†
Full T&Cs: link in bio
All giveaways will run until 12/12 11:59pm and winners will be announced on stories and contacted via DM on 13/12 by @thejojobaco.",11-12-2024,0,,,0,155,335,https://www.instagram.com/p/DDdDqCOTuT5/,
the jojoba co,"GIVEAWAY 1Ô∏è‚É£0Ô∏è‚É£

To keep your body and skin hydrated, we‚Äôre giving you the chance to WIN the Essential Pro Nourishing Regimen, plus a Blush Pink Jojoba Company x Frank Green Water Bottle, all valued at $238.70! 

The prize includes:‚Å†
- 1x The Jojoba Company x Frank Green Water Bottle
- 1x Jojoba Bead Cleanser 125ml
- 1x Jojoba Water Toning Mist 50ml
- 1x Probiotic Jojoba Milk 30ml
- 1x Hydrating Peptide Day Cream 50ml
- 1x Overnight Multi-biotic Moisture Cream 50ml

To enter:‚Å† ‚Å† ‚Å† 
1. Follow @thejojobaco 
2. ÔøΩÔøΩLike this post
3. Tag a friend in the comments - each tag equals one entry

Full T&Cs: link in bio
All giveaways will run until 12/12 11:59pm and winners will be announced on stories and contacted via DM on 13/12 by @thejojobaco.",10-12-2024,0,,,0,142,340,https://www.instagram.com/p/DDYOY6Cplnm/,
the jojoba co,"Discover the ultimate skincare trio for fresh, smooth skin ü§ç

This set has everything you need to keep your glow going strong!

#SmarterNaturalSkincare #jojoba #cleanser",09-12-2024,0,,,0,24,3,https://www.instagram.com/p/DDXy074xnlj/,
the jojoba co,"GIVEAWAY 9Ô∏è‚É£

We‚Äôve partnered with @eco_intimates to give away a $130 Gift Card, plus another $130 Gift Card for The Jojoba Company, all valued at $260! üåø

The prize includes:‚Å† 
- 1x $130 Online Gift Voucher for Eco Intimates
- 1x $130 Online Gift Voucher for The Jojoba Company

To enter:‚Å† ‚Å† ‚Å† 
1. Follow @thejojobaco & @eco_intimates
2. Like this post
3. Tag a friend in the comments - each tag equals one entry

Full T&Cs: link in bio
All giveaways will run until 12/12 11:59pm and winners will be announced on stories and contacted via DM on 13/12 by @thejojobaco.",09-12-2024,0,,,0,85,176,https://www.instagram.com/p/DDVsK8dzmHJ/,
the jojoba co,"GIVEAWAY 8Ô∏è‚É£

Calling all skincare besties, we‚Äôre giving you and the bestie you tag the chance to WIN a Personalised Skincare Regimen from The Jojoba Company, valued at $200 each! ‚ú®

The prize includes:‚Å† 
- 1x Personalised Skincare Regimen
- 1x Personalised Skincare Regimen

To enter:‚Å† ‚Å† ‚Å† 
1. Follow @thejojobaco 
ÔøΩÔøΩ2. Like this post
3. Tag a friend in the comments - each tag equals one entry

Full T&Cs: link in bio
All giveaways will run until 12/12 11:59pm and winners will be announced on stories and contacted via DM on 13/12 by @thejojobaco.",08-12-2024,0,,,0,143,279,https://www.instagram.com/p/DDTEwj6vKkn/,
the jojoba co,"GIVEAWAY 7Ô∏è‚É£

To hydrate your skin and soul, we‚Äôre giving you the chance to WIN the Double Hydration Holiday Set plus an Australian House & Garden Mug Set, all valued at $74.93! ‚òïÔ∏è

The prize includes:‚Å† 
- 1x  Esperance Wiped Edge Mugs
- 1x Pure Jojoba Gel Mask 50ml
- 1x Australian Jojoba 15ml

To enter:‚Å† ‚Å† ‚Å† 
1. Follow @thejojobaco 
ÔøΩÔøΩ2. Like this post
3. Tag a friend in the comments - each tag equals one entry

Full T&Cs: link in bio
All giveaways will run until 12/12 11:59pm and winners will be announced on stories and contacted via DM on 13/12 by @thejojobaco.",07-12-2024,0,,,0,141,269,https://www.instagram.com/p/DDQf8_npZ9a/,
the jojoba co,"That Jojoba feeling! ‚ò∫Ô∏è

Australian Jojoba is the perfect after-sun remedy - soothing, hydrating, and 100% pure üíõ

#SmarterNatureSkincare #summerskincare",06-12-2024,0,,,0,43,5,https://www.instagram.com/p/DDQFA1vNTlR/,
the jojoba co,"GIVEAWAY 6Ô∏è‚É£

Attention all age-defiers, we‚Äôre giving you the chance to WIN the Firm. Hydrate. Glow. Holiday Set from The Jojoba Company, valued at $164.85! ‚ú®

The prize includes:‚Å† 
- 1x Ultimate Serum 30ml
- 1x Vitamin C Glow Potion 30ml
- 1x Ultimate Youth Potion 30ml

To enter:‚Å† ‚Å† ‚Å† 
ÔøΩÔøΩ1. Follow @thejojobaco 
2. Like this post
3. Tag a friend in the comments - each tag equals one entry

Full T&Cs: link in bio
All giveaways will run until 12/12 11:59pm and winners will be announced on stories and contacted via DM on 13/12 by @thejojobaco.",06-12-2024,0,,,0,160,329,https://www.instagram.com/p/DDN7Hm5KdT-/,
the jojoba co,"GIVEAWAY 5Ô∏è‚É£

We've partnered with @lindt_au to give away a LARGE Cheesecake & White Chocolate Lindor Ball Hamper, plus a Personalised Skincare Regimen from The Jojoba Company, all valued at $640! üíõ

The prize includes:‚Å† 
- 1x Cheesecake & White Chocolate Lindor Ball 5kg Hamper
- 1x Personalised Skincare Regimen 

To enter:‚Å† ‚Å† ‚Å† 
1. Follow @thejojobaco & @lindt_au
ÔøΩÔøΩ2. Like this post
3. Tag a friend in the comments - each tag equals one entry

Full T&Cs: link in bio
All giveaways will run until 12/12 11:59pm and winners will be announced on stories and contacted via DM on 13/12 by @thejojobaco.",05-12-2024,0,,,0,197,417,https://www.instagram.com/p/DDLWT5wq_BZ/,
the jojoba co,"Healthy soil means healthy Jojoba! üå±

Here at The Jojoba Company, we conduct annual soil tests to track soil fertility and health which ensures that our Australian Wadi-Wadi Jojoba continues to thrive.

#WorldSoilDay #SmarterNaturalSkincare",04-12-2024,0,,,0,14,1,https://www.instagram.com/p/DDK7cfcv9LG/,
the jojoba co,"GIVEAWAY 4Ô∏è‚É£

We're giving you a radiant summer glow by giving you the chance to WIN the Illuminating Range from The Jojoba Company, all valued at $106.85! ‚ú®

The prize includes:‚Å† 
- 1x Illuminating Jojoba 50ml
- 1x Illuminating Jojoba Kabuki Brush
- 1x Illuminating Tinted Moisturiser SPF15 50ml

To enter:‚Å† ‚Å† ‚Å† 
1. Follow @thejojobaco 
2. Like this post
3. Tag a friend in the comments - each tag equals one entry

Full T&Cs: link in bio
All giveaways will run until 12/12 11:59pm and winners will be announced on stories and contacted via DM on 13/12 by @thejojobaco.",04-12-2024,0,,,0,104,228,https://www.instagram.com/p/DDIxhkMNSML/,
the jojoba co,"GIVEAWAY 3Ô∏è‚É£

We've partnered with @monteandlou to give away a $250 Gift Card, plus another $250 Gift Card for The Jojoba Company, all valued at $500! ‚òÄÔ∏èüëô 

The prize includes:‚Å† 
- 1x $250 Online Gift Voucher for Monte & Lou
- 1x $250 Online Gift Voucher for The Jojoba Company

To enter:‚Å† ‚Å† ‚Å† 
1. Follow @thejojobaco & @monteandlou
ÔøΩÔøΩ2. Like this post
3. Tag a friend in the comments - each tag equals one entry

Full T&Cs: link in bio
All giveaways will run until 12/12 11:59pm and winners will be announced on stories and contacted via DM on 13/12 by @thejojobaco.",03-12-2024,0,,,0,90,170,https://www.instagram.com/p/DDGMuSuK5Hu/,
the jojoba co,"Give the gift of glow with the AM/PM Firm & Glow Holiday Set ‚ú®

Includes:
- Ultimate Serum 30ml
- Vitamin C Glow Potion 7ml
- Ultimate Youth Potion 7ml

#gift #present #christmas #SmarterNaturalSkincare",03-12-2024,0,,,0,35,4,https://www.instagram.com/p/DDIWCz6tVh2/,
the jojoba co,"GIVEAWAY 2Ô∏è‚É£

We've partnered with @lindt_au to give away their Vegan Range, plus the Clarifying Range from The Jojoba Company, all valued at $137.35! üç´

The prize includes:‚Å† 
- 1x Lindt CLASSIC Vegan Smooth Block
- 1x Lindt CLASSIC Vegan Hazelnut Block
- 1x Lindt CLASSIC Vegan Salted Caramel Block
- 1x Citrus Gel Cleanser 125ml
- 1x Clarifying Pore Control Serum 30ml
- 1x Jojoba Water Gel Cream 50ml

To enter:‚Å† ‚Å† ‚Å† 
1. Follow @thejojobaco & @lindt_au 
2. Like this post
3. Tag a friend in the comments - each tag equals one entry

Full T&Cs: link in bio
All giveaways will run until 12/12 11:59pm and winners will be announced on stories and contacted via DM on 13/12 by @thejojobaco.",02-12-2024,0,,,0,140,334,https://www.instagram.com/p/DDDn7NShwDE/,
the jojoba co,"Healing and hydrating with Australian Jojoba from @thejojobaco <3

A liquid wax ester full of nutrients and antioxidants that inspired the whole range from @thejojobaco. Including my go-to Vitamin C Glow Potion and Ultimate Youth Potion. My favourite way to nourish my face, body, hair and nails. 

#ad #SmarterNaturalSkincare #skincare #skincareroutine",02-12-2024,0,,,0,78,19,https://www.instagram.com/p/DDEYglQRbhu/,
the jojoba co,"It's Cyber Monday, which means it's your last chance to enjoy 30% OFF SITEWIDE!* üíõ

This is your opportunity to stock up on our natural skincare favourites, including our Australian Jojoba and holiday skincare sets.",01-12-2024,1,01-12-2024,,1,12,0,https://www.instagram.com/p/DDDNAjFT7Ds/,Cyber Monday
the jojoba co,"GIVEAWAY 1Ô∏è‚É£

We've partnered with @moveactive to give away the ultimate Pilates Accessories Bundle, plus a Personalised Skincare Regimen from The Jojoba Company, all valued at $397! ü´ßüíñ

The prize includes:‚Å† 
- 1x Grip Sock Gift Pack - Assorted
- 1x Vegan Leather Reformer Mat - Ivory
- 1x Pilates Ball - Almond
- 1x Resistance Band - Almond
- 1x Personalised Skincare Routine

To enter:‚Å† ‚Å† ‚Å† 
1. Follow @thejojobaco & @moveactive
2. Like this post
3. Tag a friend in the comments - each tag equals one entry

Full T&Cs: link in bio
All giveaways will run until 12/12 11:59pm and winners will be announced on stories and contacted via DM on 13/12 by @thejojobaco.",01-12-2024,0,,,0,159,327,https://www.instagram.com/p/DDBDOdyp19N/,
the jojoba co,"Did you know our Australian Wadi-Wadi Jojoba is currently 30% OFF on our website? ü§©

Don‚Äôt miss the chance to stock up on this skin-loving liquid gold! üíõ",30-11-2024,1,30-11-2024,,0,26,1,https://www.instagram.com/p/DDAoQziTevn/,
the jojoba co,"Mark your calendars... 12 Days of Giveaways starts TOMORROW! üéÅ

Get ready for 12 days of incredible prizes from The Jojoba Company and our amazing brand partners üíõ Each day brings a new chance to win, so make sure you're following along!

Don‚Äôt miss out‚Äîsee you tomorrow! üéÑ

#12DaysofGiveaways #win #giveaway #SmarterNaturalSkincare",30-11-2024,0,,,0,48,1,https://www.instagram.com/p/DC-e6i_RApE/,
the jojoba co,"At least our skin is eating good! ü§©

Save 30% OFF storewide - don't miss it!

#blackfriday #sale #jojoba #smarternaturalskincare",29-11-2024,1,29-11-2024,,0,29,1,https://www.instagram.com/p/DC-C4hsvfYM/,
the jojoba co,"Glow for less this Black Friday with 30% OFF SITEWIDE*! üåü

Don‚Äôt miss this chance to stock up on the liquid gold of skincare!

#blackfriday #sale #jojoba #SmarterNaturalSkincare",28-11-2024,1,28-11-2024,,1,27,2,https://www.instagram.com/p/DC7kwdTu_5K/,Black Friday
the jojoba co,"Glow for less with 30% OFF SITEWIDE* üåü

Don‚Äôt miss this chance to stock up on your Jojoba-based essentials!

#blackfriday #cybermonday #sale #jojoba #SmarterNaturalSkincare",26-11-2024,1,26-11-2024,,1,36,4,https://www.instagram.com/p/DC2Ue5psdTG/,
the jojoba co,"It's time for our biggest sale of the year! Enjoy 30% OFF SITEWIDE* üíõ

Stock up on your natural skincare favourites, and give the gift of glowing skin this holiday season. Don‚Äôt miss out! 

*excludes Gift Cards, Gifts, Bundles & Sets & can't be combined with other offers #blackfriday #sale #jojoba #smarternaturalskincare",26-11-2024,1,26-11-2024,,1,19,1,https://www.instagram.com/p/DC0SCfkxHpt/,
the jojoba co,"WIN this festive season with @chloeevegan x @thejojobaco !! üå±

To celebrate the power of plants this holiday season, we are giving 5 lucky winners a signed copy of @chloeevegan NEW cookbook (value $39.99) AND @thejojobaco AM/ PM Firm & Glow Set (value $90.93)! Paired with the recipe to the perfect festive brekkie yoghurt bowl topped with crunchy pistachio granola and a sweet strawberry jam (recipe pinned in comments). 

TO ENTER:
1. Follow @thejojobaco & @chloeevegan
2. Like this post
3. Tag a friend in the comments - each tag equals one entry

Want bonus entries? Share this post to your story and tag all accounts (10 extra entries!).

The giveaway ends 9/12 and winners will be announced via IG Story and contacted through DM‚Äôs by @thejojobaco. Good luck!

This giveaway is in no way affiliated with or sponsored by Instagram.

#ad #SmarterNaturalSkincare #festiverecipes#christmasrecipes #breakfastideas #giveaway #win",24-11-2024,0,,,0,4595,1066,https://www.instagram.com/p/DCxIsvwzkse/,
the jojoba co,"Icons recognise icons! ü§©

@leighacampbell and our Australian Jojoba ‚Äì a moment of pure skincare perfection! üíõ

#SmarterNaturalSkincare #skincare #jojoba",22-11-2024,0,,,0,29,2,https://www.instagram.com/p/DCsB7-axYX3/,
the jojoba co,"Stylish, sustainable, and exclusive! 

Upgrade your beauty essentials with our limited edition vegan Cosmetic Bag‚Äîa bold, eco-friendly accessory crafted from sustainable, cruelty-free materials. Stylishly designed to carry your must-haves, it's the perfect blend of fashion and planet-friendly care!

#smarternaturalskincare  #holidaygift",20-11-2024,0,,,0,22,0,https://www.instagram.com/p/DClBmhZpjEV/,
the jojoba co,"Brighten, lift, and smooth with every drop üåô

With naturally derived actives, like Inst‚ÄôTight, and a cooling tip for added circulation, the Transformative Eye Serum brings the ultimate beauty sleep to your eyes‚Äî revealing a more rested, radiant you!",20-11-2024,0,,,0,19,0,https://www.instagram.com/p/DCm3ts8IAXe/,
the jojoba co,"Natural skincare backed by science! üåø‚ú®

Australian Jojoba is a unique liquid wax ester that mimics your skin‚Äôs natural oils at the molecular level. 

Experience superior hydration and healing for all skin types with this liquid gold! üíõ",18-11-2024,0,,,0,13,0,https://www.instagram.com/p/DChutx5Mjvf/,
the jojoba co,"Your night routine is not complete without our Daily Glow Exfoliating PHA Tonic üåô

Featuring PHAs, the most gentle of acids, this tonic will lightly exfoliate the surface of your skin, providing a fresh, glowing appearance. Combined with natural plant exfoliators Hibiscus and Finger Lime, there's no doubt the Daily Glow Exfoliating PHA Tonic will become your go-to for daily skin renewal.",18-11-2024,0,,,0,22,0,https://www.instagram.com/p/DCgHzmViABx/,
the jojoba co,"BACK IN STOCK ‚ú®

Our 200ml refill pouch keeps nourishing Australian Wadi-Wadi Jojoba flowing for your skin, hair, and nails while making a positive impact. üíõ

Just reuse your original glass bottle and pump, and you‚Äôre reducing waste with every refill. Because beauty should be sustainable too! ‚ôªÔ∏è",16-11-2024,0,,,0,84,11,https://www.instagram.com/p/DCckj9fpvF0/,
the jojoba co,"Shine bright, naturally! ‚ú® 

Our Illuminating Jojoba brings out your natural radiance with every drop. Packed with Wadi-Wadi Australian Jojoba, it hydrates deeply, leaving your skin with a soft, dewy finish. 

Shop now üëâüèº https://thejojobacompany.com.au/collections/illuminating/products/illuminating-jojoba",15-11-2024,0,,,0,20,1,https://www.instagram.com/p/DCZ_x0av9-r/,
the jojoba co,"27% OFF our Icons? Say less! ü§©

Our Firm. Hydrate. Glow. Holiday Set contains the ultimate hydrate and glow trio ‚ú®",13-11-2024,1,13-11-2024,,0,41,7,https://www.instagram.com/p/DCU2UCoJ1F3/,
the jojoba co,"We've taken shine and bottled it up! ‚ú®

Discover how @nattdesu achieves her radiant glow using our Illuminating Jojoba ü§©",12-11-2024,0,,,0,44,10,https://www.instagram.com/p/DCSRd_0h9vg/,
the jojoba co,"Our Jojoba Frenzy SALE is here - stock up on natural skincare with 20% OFF sitewide* ‚ú®

*excludes Gift Cards, Gifts, Bundles & Sets & can't be combined with other offers",11-11-2024,1,11-11-2024,,1,16,0,https://www.instagram.com/p/DCP0081JL-9/,
the jojoba co,"Celebrate Singles Day with us! ü§ç

Buy one supersize Ultimate Serum 50ml, and get a second one FREE! Double the radiance, double the joy!",10-11-2024,0,,,0,25,0,https://www.instagram.com/p/DCNIVbmsKhr/,
the jojoba co,"When your skin eats healthier than you do! üòÖ

Our Jojoba & Enzyme Radiance Mask is full of plant-powered AHAs and BHA to deeply clean and purify the skin.",08-11-2024,0,,,0,20,0,https://www.instagram.com/p/DCH-w29zUHG/,
the jojoba co,"It doesn't get better than this ü§©

Our Illuminating Tinted Moisturiser SPF 15 is packed with skin-loving ingredients for a natural, radiant glow!",07-11-2024,0,,,0,27,0,https://www.instagram.com/p/DCFZ9vgTEXF/,
the jojoba co,"Deck the halls with more than just ornaments! üéÑ

Our Holiday Duos are perfect to add a touch of Jojoba to your tree this festive season! ü§©",06-11-2024,0,,,0,46,3,https://www.instagram.com/p/DCC0lZiM3Tr/,
the jojoba co,"Discover why Illuminating Jojoba will be your new favourite daily skin product! ü§©

It's lightweight formula is perfect for achieving that dewy, luminous look, all while nourishing your skin with the power of Wadi-Wadi Jojoba üåø",05-11-2024,0,,,0,29,3,https://www.instagram.com/p/DCAPzPeN_-n/,
the jojoba co,"Looking for the perfect gift? Look no further! üéÅ 

Our holiday gift sets are filled with luxurious, natural skincare goodies that will leave you glowing.

Send this post as a little nudge to the people buying for you this holiday season! üòâ",03-11-2024,0,,,0,10,0,https://www.instagram.com/p/DB7Gx6quWj3/,
the jojoba co,"The festive season is here, and so are our Holiday Kits! üéÅ

Give the gift of radiant, glowing skin to yourself or someone special with our limited-edition bundles. Don‚Äôt miss out on the added value this season! ‚ú®",02-11-2024,0,,,0,30,1,https://www.instagram.com/p/DB4h9I0sDis/,
the jojoba co,"üå± Happy World Vegan Day! üå±

We‚Äôre proud to offer a PETA-certified, 100% vegan skincare line made from sustainably grown Wadi-Wadi Australian Jojoba.

Our skincare promises:
‚ú® Cruelty-Free & Vegan Friendly
‚ú® Ingredients sourced from our Beresford Farm or sustainably obtained
‚ú® Responsible production from bean to bottle",31-10-2024,0,,,0,14,0,https://www.instagram.com/p/DBzX5HRJTKg/,
the jojoba co,"‚ú® Best-selling for a reason ‚ú® 

Our 100% pure Australian Jojoba is a skincare powerhouse! From hydrating dry skin to balancing oil production, this multi-tasking moisturiser is a must-have for any routine.",31-10-2024,0,,,0,31,2,https://www.instagram.com/p/DBx4RTovM6e/,
the jojoba co,"Looking to boost collagen for a plumper, more youthful glow? HumaColl21¬Æ is your skin's secret weapon!

Found in our Ultimate Serum, HumaColl21¬Æ is:

üí¶ The first Type 21 collagen created to be human-identical and vegan
üí¶ Created with plant sugars through biotechnology
üí¶ Scientifically proven to improve skin firmness, collagen and decrease frown lines",31-10-2024,0,,,0,10,0,https://www.instagram.com/p/DBxxYUlt32Z/,
the jojoba co,"What's in my bag? Just my must-have Australian Jojoba! üëú‚ú®

Perfect for on-the-go hydration, it keeps skin moisturised and glowing wherever and whenever. Whether it's running errands or heading out for a night, this little gem is a go-to for instant, long-lasting moisture üíß",31-10-2024,0,,,0,13,0,https://www.instagram.com/p/DBxjFWTIv5J/,
the jojoba co,"There's no better feeling than hopping into bed after you've lathered your face with Ultimate Youth Potion ü§© 

Who else loves the calming scent of linden blossom? üôã‚Äç‚ôÄÔ∏è",31-10-2024,0,,,0,10,0,https://www.instagram.com/p/DBxILp3AO7k/,
the jojoba co,"Did you know that the collagen in our skin starts to decline around 25 years of age and then 1-2% every year after that? 

Get a head start on replenishing the collagen in your skin with our hero hyaluronic acid serum, Ultimate Serum ‚ùÑÔ∏èüí¶ 

Not only is this viral serum made with the first vegan human-identical collagen, HumaColl2¬Æ, but it has been scientifically proven to outperform retinol in the production of collagen!*

*HumaColl21‚Ñ¢ stimulates collagen type 1 by 197% vs 117% for Retinol when tested in an invitro control group.",31-10-2024,0,,,0,16,0,https://www.instagram.com/p/DBxcS60Mb5I/,
the jojoba co,"Your AM and PM routine sorted ‚úîÔ∏è

Create your ultimate day and night skincare routine with The Jojoba Company! üíõ",31-10-2024,0,,,0,19,0,https://www.instagram.com/p/DBxPCJ4N4Im/,
the jojoba co,"Did you know our Australian Jojoba is suitable for all skin types?

‚û°Ô∏è Dry Skin: Jojoba will bring long-lasting hydration to your skin and keep flakiness/scaliness at bay.

‚û°Ô∏è Oily Skin: Jojoba will provide the hydration that oily skin needs and in turn, will help to rebalance the production of oil in your skin.

‚û°Ô∏è Sensitive Skin: Jojoba will hydrate your skin and calm any irritation.

‚û°Ô∏è Blemish Prone Skin: Jojoba will help to calm breakouts and rebalance oil production.

‚û°Ô∏è Combination Skin: Jojoba will help hydrate where your skin is dry and rebalance oil where it is more oily, like the T-zone.",30-10-2024,0,,,0,12,0,https://www.instagram.com/p/DBujZZ_NcfU/,
the jojoba co,"Revealing the secret to radiant skin ‚ú® 
Peek inside and discover the brightening and hydrating power of our Vitamin C Glow Potion!",30-10-2024,0,,,0,21,0,https://www.instagram.com/p/DBvS5GFqR2l/,
the jojoba co,"We often get asked: Why apply Jojoba before moisturiser when it is recommended to apply oils after moisturiser? ü§î

üí° The answer? Jojoba is unlike any other oil.

Oils are usually applied AFTER moisturiser to seal in moisture and act as a protective barrier. But, rather than sitting on top of the skin like most oils do, Jojoba travels deeper down into the skin's layers. This is because it mimics the structure of the oils in our skin. 

To ensure our skin reaps the full benefits of our Jojoba and facial oils, applying them first ensures they are absorbed first and will therefore be more effective!",30-10-2024,0,,,0,14,0,https://www.instagram.com/p/DBwzlsyMri4/,
the jojoba co,"‚òÄÔ∏è Our award-winning 125ml Ultimate Youth Potion is your secret weapon for achieving that smooth, radiant complexion you crave, all year round! 

Say goodbye to wrinkles and hello to firmer, more youthful-looking skin, just in time for summer!",30-10-2024,0,,,0,15,0,https://www.instagram.com/p/DBxA61Pgemg/,
the jojoba co,"Every clean girl needs their glowy base! ü§ç

Elevate your skin with our Illuminating Jojoba. Achieve luminosity and lasting hydration with this lightweight jojoba-based moisturiser ‚ú®",30-10-2024,0,,,0,35,6,https://www.instagram.com/p/DBvFLc8uYWg/,
the jojoba co,"Searching for the secret to smoother, firmer skin? 

Look no further than our award-winning Ultimate Serum! This powerful natural anti-ageing facial serum uses peptide Ameliox‚Ñ¢ and two weights of Hyaluronic Acid to deeply hydrate, visibly reduce wrinkles and plump skin üíß",30-10-2024,0,,,0,15,0,https://www.instagram.com/p/DBu3aQMOQ4H/,
the jojoba co,"JUST LAUNCHED! @thejojobaco have released a product I couldn‚Äôt have imagined in my wildest dreams! My beloved Australian Jojoba formulated into an ILLUMINATING bottle of goodness, PERFECT for summer! Get glowing gals and guys! #SmarterNaturalSkincare #ad",29-10-2024,0,,,0,169,20,https://www.instagram.com/p/DBucAvUtKGb/,
the jojoba co,"‚ú®Supersize your glow! ‚ú®

We're thrilled to launch supersized versions of your favourite Jojoba essentials:

ü§© The Vitamin C Glow Potion and Ultimate Serum are now available in a generous 50ml size.
ü§© The Ultimate Youth Potion is now available in a massive 125ml size. 

Stock up on these skincare heroes today and experience the transformative power of Jojoba for even longer!",29-10-2024,0,,,0,20,0,https://www.instagram.com/p/DBuVrV9OMx-/,
the jojoba co,"Achieve the @lovejinalim glow with our Illuminating Jojoba! ‚ú®

Infused with:
ü§ç Australian Jojoba
ü§ç Mica
ü§ç Jasmine
ü§ç Mandarin",29-10-2024,0,,,0,13,3,https://www.instagram.com/p/DBsg6P_szCa/,
the jojoba co,"Mirror-mirror on my d√©colletage, who is the glowiest of them all? ü™û

Enriched with sparkling Mica and a combination of antioxidant-rich Jasmine and Mandarin essential oils, our Illuminating Jojoba will give you a radiant, sun-kissed glow, while promoting your overall skin health ‚ú® 

#SmarterNaturalSkincare #BringJojobaBack",29-10-2024,0,,,0,17,0,https://www.instagram.com/p/DBsLxEyp3S_/,
the jojoba co,"Your overnight hydration hero! ü§©

Transform your nighttime routine with our Ultimate Night Cream! 

Infused with Hyaluronic Acid, SWT-7‚Ñ¢, and Riboxyl‚Ñ¢, this powerful cream delivers incredible benefits:
üåô Visibly reduces wrinkles
üåô Enhances skin regeneration
üåô Improves skin texture",29-10-2024,0,,,0,17,0,https://www.instagram.com/p/DBsuGVzAGsY/,
the jojoba co,"Why is it important to use Vitamin C in the morning? ‚òÄÔ∏è Here's our answer üëáüèª

Although you can certainly use the Vitamin C Glow Potion at night, it is incredibly effective as a daytime face oil. 

The high antioxidant content will help fight free radicals (which contribute to ageing) from UV rays and pollution as you go about your day. 

Additionally, Vitamin C can help boost the effectiveness of your sunscreen. Sunscreen acts as the first line of defence, while Vitamin C neutralises any free radicals that sneak past the sunscreen, minimising their harmful effects.",29-10-2024,0,,,0,9,0,https://www.instagram.com/p/DBuH_mRTU7n/,
the jojoba co,"Ever wondered where the magic of our Australian Jojoba comes from? It all starts right here on our family-owned farm in Yenda, NSW üåæ

From seed to bottle, we oversee every step of the process, ensuring you get the purest, most potent Australian Jojoba possible. We're passionate about sustainable farming practices that nurture the land and produce the highest quality Wadi-Wadi Jojoba üå±

#SmarterNaturalSkincare #BringJojobaBack",29-10-2024,0,,,0,5,0,https://www.instagram.com/p/DBsFcxSOEOw/,
the jojoba co,"Illuminating Jojoba is truly one of a kind! ‚ú® 

If you're looking for the ultimate skin and body all-rounder, look no further than this luxurious blend that hydrates, nourishes, and gives you a beautiful, radiant glow!

#SmarterNaturalSkincare #BringJojobaBack",29-10-2024,0,,,0,9,0,https://www.instagram.com/p/DBsTLV0sVaI/,
the jojoba co,"‚ú® Did you know our Illuminating Jojoba isn‚Äôt just for your face? It‚Äôs perfect for your d√©colletage and body too, giving you an all-over radiant glow!

For a flawless, airbrushed finish, pair it with our luxurious vegan Illuminating Jojoba Kabuki Brush ü§©

#SmarterNaturalSkincare #BringJojobaBack",28-10-2024,0,,,0,12,0,https://www.instagram.com/p/DBr3KargDSg/,
the jojoba co,"Swipe to see the Jojoba difference ‚û°Ô∏è

Achieve a lightweight, flawless complexion using our Illuminating Tinted Moisturiser SPF 15... we'll let the results speak for themselves üòâ

#SmarterNaturalSkincare #BringJojobaBack",28-10-2024,0,,,0,10,0,https://www.instagram.com/p/DBqJ57Wv1y3/,
the jojoba co,"Unlock Vicki's secret to a radiant, dewy complexion by pairing our NEW Illuminating Jojoba and Illuminating Tinted Moisturiser SPF 15.

Here's how:
1Ô∏è‚É£ Prep & Prime: Start with clean, toned skin. Apply a few drops of Illuminating Jojoba and gently massage into your face and neck.
2Ô∏è‚É£ Sheer Perfection: Follow with the Illuminating Tinted Moisturiser SPF 15. Use your fingertips, a sponge, or a brush to blend it seamlessly for a natural, sun-kissed finish.

#SmarterNaturalSkincare #BringJojobaBack",28-10-2024,0,,,0,23,0,https://www.instagram.com/p/DBp7ncRqaF3/,
the jojoba co,"Want to glow from head to toe? ‚ú®

Vicki is here to ensure you get the most out of our Illuminating Jojoba by sharing the four radiant ways it can be applied!

What's your favourite? üëáüèº

#SmarterNaturalSkincare #BringJojobaBack",28-10-2024,0,,,0,24,4,https://www.instagram.com/p/DBrwWgMPmY7/,
the jojoba co,"üíßThirsty skin? We've got you hydrated! 

Our Pure Jojoba Gel Mask works its magic by extending and sealing in hydration. It provides a protective barrier that deeply soothes dry and dehydrated skin - it's like a spa day in a jar! üßñüèº‚Äç‚ôÄÔ∏è

#SmarterNaturalSkincare #BringJojobaBack",28-10-2024,0,,,0,14,0,https://www.instagram.com/p/DBqQLAquPkV/,
the jojoba co,"Curious about our NEW Illuminating Jojoba? Vicki is here to answer your most asked questions!

Have more questions? Drop them in the comments below! üëáüèº

#SmarterNaturalSkincare #BringJojobaBack",28-10-2024,0,,,0,30,8,https://www.instagram.com/p/DBrpfQ-OBDa/,
the jojoba co,"Get your glow on! Our luxurious body moisturiser hydrates deeply and enhances your skin‚Äôs natural radiance!

It can be applied to your face, neck, d√©colletage, and body for a luminating glow from within ‚ú®

#SmarterNaturalSkincare #BringBackJojoba",28-10-2024,0,,,0,14,2,https://www.instagram.com/p/DBpZYiNgTSy/,
the jojoba co,"Whether you're after a hydrating glow from within or a sparkling body shimmer, our Illuminating Jojoba has you covered! ‚ú® 

Radiant skin, hydration, and a touch of luxury‚Äîall in one bottle! Discover your perfect glow today üíõ

#SmarterNaturalSkincare #BringJojobaBack",28-10-2024,0,,,0,6,0,https://www.instagram.com/p/DBpgqINoQY9/,
the jojoba co,"üòä Thank you! üòä

We're beaming with joy thanks to over 150 ‚≠ê‚≠ê‚≠ê‚≠ê‚≠ê Google reviews from our amazing customers! Your kind words and beautiful transformations remind us every day why we do what we do!

Thank you for sharing your Jojoba love with us! Share with us what makes you smile üëáüèº

#SmarterNaturalSkincare #BringJojobaBack",28-10-2024,0,,,0,11,0,https://www.instagram.com/p/DBpuYgNgEae/,
the jojoba co,"Although it is referred to as an oil, Jojoba is a wax ester üå±‚ú®

Our sebum is made up of three parts: wax esters, triglycerides and squalene. 

While you can find multiple plant sources of triglycerides and squalene, Jojoba is the ONLY known plant source of wax esters, so it's the only product you need for replenishing the wax esters in your skin! 

It's 100% pure and healthy for your skin, giving you the vital nutrients and antioxidants you need to glow üíõ

#SmarterNaturalSkincare #BringJojobaBack",27-10-2024,0,,,0,9,0,https://www.instagram.com/p/DBm7T-cokai/,
the jojoba co,"‚ú® Your skin, but better!

Our new Illuminating Tinted Moisturiser SPF 15 gives you a natural, radiant glow while protecting your skin from incidental sun exposure ‚òÄÔ∏è Talk about a game changer!

#SmarterNaturalSkincare #BringBackJojoba",27-10-2024,0,,,0,5,0,https://www.instagram.com/p/DBpME1ut0xG/,
the jojoba co,"‚ú® 3 ways to glow with Illuminating Jojoba ‚ú® 
This multi-tasking moisturiser is your secret weapon for radiant, hydrated skin! Here's how to use it:

1Ô∏è‚É£ On its own: Apply a few drops to clean skin for a dewy, luminous finish.
2Ô∏è‚É£ Under makeup: Create a smooth, glowing base for your foundation.
3Ô∏è‚É£ Mixed with makeup: Add a drop or two to your foundation or moisturiser for a custom, lit-from-within glow.

#SmarterNaturalSkincare #BringBackJojoba",27-10-2024,0,,,0,6,0,https://www.instagram.com/p/DBnr8fdMjU9/,
the jojoba co,"‚ú® The glow-up you've been waiting for!

Our NEW Illuminating Jojoba is your daily dose of hydration and radiance, all in one luxurious bottle. Don't miss out on this must-have for glowing skin!

#SmarterNaturalSkincare #BringBackJojoba",27-10-2024,0,,,0,9,0,https://www.instagram.com/p/DBnJCKzAXyl/,
the jojoba co,"Start your day with hydrated, glowy skin, all thanks to the Illuminating Tinted Moisturiser with SPF15 ‚õÖ

TIP: Apply the Vitamin C Glow Potion underneath for a double dose of luminosity as you go about your day!

#SmarterNaturalSkincare #BringJojobaBack",27-10-2024,0,,,0,5,0,https://www.instagram.com/p/DBm1AzANmZ5/,
the jojoba co,"Let our all-in-one Illuminating Jojoba transform your skincare routine ‚ú®

Whether you're a bare-faced goddess or love a glow-from-within makeup look, this product is for you!

Discover the four different ways to apply Illuminating Jojoba - what's your go to? üíõ

#SmarterNaturalSkincare #BringBackJojoba",27-10-2024,0,,,0,7,0,https://www.instagram.com/p/DBnXWejut-P/,
the jojoba co,"‚òÄÔ∏è Sun-kissed radiance, all year round. Introducing a new way to achieve that lit-from-within glow üòâ 

#SmarterNaturalSkincare #BringBackJojoba",27-10-2024,0,,,0,10,0,https://www.instagram.com/p/DBnlEDMsnTh/,
the jojoba co,"What is blue light damage? üíªüì∫üì±

Blue light is everywhere, with the sun being the biggest source. However, electronic devices like phones, laptops, and TVs also emit significant amounts. 

Some research suggests exposing your skin to blue light may contribute to premature ageing. This includes increased fine lines, wrinkles, uneven skin tone and hyperpigmentation.

Ectoin, an ingredient in our Illuminating Tinted Moisturiser with SPF15, helps shield against blue light damage by reducing free radicals, stabilising cell membranes, and keeping skin hydrated.

#SmarterNaturalSkincare #BringJojobaBack",26-10-2024,0,,,0,7,0,https://www.instagram.com/p/DBlHLcUPf8r/,
the jojoba co,"Try the Ultimate Gua Sha Routine with the Ultimate Youth Potion! ‚ú®

Have you wanted to try gua sha, but aren't sure how to start? @heyitsanntran shows you a few simple ways to use Ultimate Youth Potion with your gua sha for maximum lifting and depuffing benefits!

#SmarterNaturalSkincare #BringJojobaBack",26-10-2024,0,,,0,12,0,https://www.instagram.com/p/DBmms_YOVnG/,
the jojoba co,"Upgrade your skincare routine with a hydrating and gently exfoliating tonic üíß

PHAs (poly-hydroxy acids) work in the Daily Glow Exfoliating PHA Tonic to gently exfoliate the surface of the skin, preparing it to better absorb the advanced serums in your routine. It can also be used to dampen the skin before serums, providing the perfect environment for your water-based serums to be absorbed.",26-10-2024,0,,,0,6,0,https://www.instagram.com/p/DBkd8EDsoUH/,
the jojoba co,"What does 'incidental sun exposure' mean?

Our NEW Illuminating Tinted Moisturiser features SPF15, which shields the skin from incidental sun exposure to UVA/UVB rays. 

Incidental sun exposure refers to the ultraviolet (UV) radiation you get from the sun throughout the day, often without even realising it. It's the sun you encounter during everyday activities. Here are some examples:

‚òÄÔ∏è Walking to work or running errands
‚òÄÔ∏è Waiting at a bus stop
‚òÄÔ∏è Driving in a car
‚òÄÔ∏è Sitting by a window at home or work

Even if you don't get much exposure to the sun, you can feel good knowing the Illuminating Tinted Moisturiser SPF15 is taking care of your skin.

#SmarterNaturalSkincare #BringJojobaBack",26-10-2024,0,,,0,5,0,https://www.instagram.com/p/DBkXEa2spFX/,
the jojoba co,"Jina's skin speaks for itself! ü§©

Discover how @lovejinalim layers our products to achieve ultimate hydration and glow ü§ç

#SmarterNaturalSkincare #BringJojobaBack",26-10-2024,0,,,0,28,2,https://www.instagram.com/p/DBk_vnQtddl/,
the jojoba co,"Conquer your skin and keep it hydrated, soft, and radiant all season long with our Nourishing Range üíó

Specially formulated for sensitive skin to ensure your skin is supple, hydrated and moisturised!

#SmarterNaturalSkincare #BringJojobaBack",26-10-2024,0,,,0,12,0,https://www.instagram.com/p/DBkkPfhxX_v/,
the jojoba co,"We're all about harnessing the power of nature for radiant skin ‚ú®

Jojoba, Ectoin, Zinc and Hyaluronic Acid come together in our Illuminating Tinted Moisturiser with SPF 15's innovative formula to hydrate, protect, and illuminate!

#SmarterNaturalSkincare #BringJojobaBack",26-10-2024,0,,,0,8,0,https://www.instagram.com/p/DBkyh4BMhMB/,
the jojoba co,"Want glowy, healthy and well-protected skin like @luciapang? ü§ç

Discover our Illuminating Tinted Moisturiser with SPF15! It is a multifunctional powerhouse that boosts hydration and smooths the skin - perfect for everyday errands ‚ú®

#SmarterNaturalSkincare #BringJojobaBack",25-10-2024,0,,,0,13,0,https://www.instagram.com/p/DBj7C_ntkJb/,
the jojoba co,"Multitasking skincare products have our hearts and the Illuminating Tinted Moisturiser with SPF15 ticks so many boxes ü´∂üèº 

Discover how @nattdesu uses this miracle product as a lightweight base for her daily makeup! ü§©

#SmarterNaturalSkincare #BringJojobaBack",25-10-2024,0,,,0,34,4,https://www.instagram.com/p/DBiNNDsB8BN/,
the jojoba co,"So what is Ectoin and why is it great for your skin?

Ectoin is a superhero for stressed-out skin! It's a natural ingredient found in extremophiles (organisms that thrive in harsh environments) that acts like a shield. 

ü§ç Reduces redness and irritation: 
Ectoin calms and soothes the skin, making it ideal for sensitive complexions.

ü§ç Boosts hydration: 
It helps your skin retain moisture, keeping it plump and healthy.

ü§ç Protects from environmental damage: 
Ectoin acts as a barrier against aggressors like pollution and blue light from electronics, which can damage your skin over time.",25-10-2024,0,,,0,15,0,https://www.instagram.com/p/DBh5KcfNpp0/,
the jojoba co,"Our Co-Founder, Vicki, takes us through her thought process behind creating the Illuminating Tinted Moisturiser with SPF15 üí≠

‚ú® She wanted a glowy formula she could wear on a no-makeup day e.g. to the beach
‚ú® She wanted the product to also double as a primer under makeup too
‚ú® She chose Zinc for its light-reflecting abilities but also protection
‚ú® She discovered Ectoin at an ingredients expo in Paris and knew its radiance-boosting and protective abilities were perfect for this product
‚ú® SPF15 is good for incidental sun exposure e.g. if you're mainly inside all day

#SmarterNaturalSkincare #BringJojobaBack",25-10-2024,0,,,0,41,6,https://www.instagram.com/p/DBiGVtSiaZQ/,
the jojoba co,"Even skin tone, SPF protection and all-day hydration. Our Illuminating Tinted Moisturiser SPF15 is your skin's new best friend üë≠

#SmarterNaturalSkincare #BringJojobaBack",25-10-2024,0,,,0,6,0,https://www.instagram.com/p/DBkJWixpiVz/,
the jojoba co,"Did you know the NEW Illuminating Tinted Moisturiser SPF15 is scientifically proven to reduce the redness in your skin by 38% in just 7 days?* ü§©

If you want to reduce redness and enhance your skin's natural radiance, discover our newest moisturiser addition.

*Studied based on 20 people using Ectoin over 7 days.",25-10-2024,0,,,0,14,0,https://www.instagram.com/p/DBiUpV7trb9/,
the jojoba co,"If you love going 'no makeup', our NEW Illuminating Tinted Moisturiser with SPF15 is the perfect product for you üíó

The addition of tint to this hydrating moisturiser means it delivers a soft, blurring effect for your skin, enhancing your natural glow and minimising redness and imperfections.",25-10-2024,0,,,0,9,0,https://www.instagram.com/p/DBiABZtsn4J/,
the jojoba co,"Reintroducing the NEW Illuminating Tinted Moisturiser with SPF15 ‚ú®

This daily Jojoba-based tinted moisturiser is your one-stop shop for a more radiant, hydrated, and protected complexion.

Here's why your skin will love it:

üíï Protects against environmental stressors and reduces redness thanks to Ectoin
üíï Long-lasting hydration with the help of Hyaluronic Acid
üíï Can we worn underneath makeup or on its own for a natural glow
üíï Incidental sun protection with the addition of SPF15

Illuminating Tinted Moisturiser with SPF15 is scientifically proven to:

ü§ç Boost your skin's hydration by 200% after 12 days*
ü§ç Reduce skin redness by 38**
ü§ç 100% of subjects said their skin was more radiant and appeared smoother and softer***

*Studied based on 5 people using Ectoin for 12 days.
**Studied based on 20 people using Ectoin over 7 days.
***Studied based on subjective questionnaires of subjects using Ectoin over 84 days.

#SmarterNaturalSkincare #BringJojobaBack",25-10-2024,0,,,0,22,0,https://www.instagram.com/p/DBhrBCHIe8V/,
the jojoba co,"Enjoy well-protected skin and a more even and balanced skin tone ‚ú®

To apply the NEW Illuminating Tinted Moisturiser with SPF15, you can use your fingers, a beauty sponge or a makeup brush to seamlessly blend the formula into your skin.

#SmarterNaturalSkincare #BringJojobaBack",25-10-2024,0,,,0,11,0,https://www.instagram.com/p/DBhyTLLoV4W/,
the jojoba co,"Hear how @heyitsanntran has transformed her dry, irritated skin with the power of 100% pure Australian Jojoba ‚≠ê

Tip: spot treat dry patches for extra hydration üíß

#SmarterNaturalSkincare #BringJojobaBack",24-10-2024,0,,,0,22,4,https://www.instagram.com/p/DBhkmcysetw/,
the jojoba co,"Let‚Äôs #BringJojobaBack üíõ

Our Instagram page was recently hacked and deleted, but we‚Äôre determined to bounce back! As a small business, your continuous support means everything to us.

Please join us on this journey by following our new page! As a thank you, we‚Äôre offering a special gift to our new followers. Just comment ‚ÄòFOLLOWED‚Äô below to receive your exclusive discount code* via DM.

*This offer is valid for one-time use and a limited time only, so don‚Äôt miss out!",23-10-2024,1,23-10-2024,,0,417,527,https://www.instagram.com/p/DBc75RltZfl/,
